TripID,HighCarbon
2,1
4,0
5,1
14,0
15,0
17,0
22,1
23,1
25,0
30,0
35,1
39,0
45,1
50,0
51,0
55,1
64,1
65,0
68,0
72,0
73,0
78,1
80,0
86,0
87,0
96,0
97,0
101,0
102,0
106,1
107,0
118,0
122,0
130,0
140,1
141,0
144,1
147,0
157,1
160,0
161,0
167,1
168,1
172,1
176,0
181,1
183,0
186,0
189,0
191,0
193,1
194,0
197,0
204,0
207,0
212,0
214,0
216,0
217,1
218,1
219,0
232,0
236,0
239,0
248,1
251,0
252,0
253,0
255,0
256,0
261,0
269,0
276,0
277,0
279,0
281,1
282,0
286,1
288,0
293,0
301,0
304,0
312,0
316,0
317,1
318,1
320,0
324,0
326,0
329,0
332,1
338,0
339,0
341,0
343,0
354,1
362,0
368,0
369,0
377,0
381,1
386,0
389,0
397,0
398,0
402,0
403,1
404,0
420,0
421,0
423,1
430,0
431,0
433,0
441,0
443,0
445,0
452,0
457,0
460,0
467,0
468,1
473,0
474,0
475,0
478,0
480,0
482,0
485,0
495,0
499,0
502,0
503,0
514,1
519,0
521,0
523,0
526,0
533,0
539,0
541,1
545,1
555,0
561,0
574,0
575,0
578,0
585,0
596,0
619,0
625,0
627,0
629,1
631,0
632,0
634,0
635,0
638,0
639,0
652,0
656,0
659,1
661,0
666,0
671,0
679,0
680,1
681,0
682,0
684,0
687,1
692,0
700,0
704,0
721,0
723,0
725,0
726,0
728,1
730,1
731,0
735,0
737,1
740,0
743,0
744,0
754,1
757,1
760,0
765,1
768,0
770,1
771,1
773,0
775,0
776,1
777,1
781,0
783,0
784,0
792,1
805,0
806,0
810,0
822,0
826,1
828,0
829,1
831,0
833,0
840,0
843,1
844,0
852,0
854,0
856,1
857,1
864,0
865,0
870,1
871,0
874,1
875,1
877,0
878,0
879,0
881,1
882,0
883,0
884,0
886,1
894,0
897,0
903,0
910,0
912,0
913,0
914,1
916,0
924,0
927,0
936,0
939,1
944,0
950,0
952,0
961,0
962,0
963,0
967,0
968,0
977,0
980,0
990,1
1000,0
1005,0
1010,1
1013,0
1015,0
1017,0
1021,1
1029,0
1032,1
1036,0
1039,0
1040,0
1041,0
1043,0
1044,0
1056,0
1057,0
1058,0
1059,1
1062,0
1063,1
1068,0
1070,0
1072,1
1078,0
1079,0
1083,0
1088,0
1102,1
1107,0
1108,0
1114,0
1125,0
1126,0
1130,1
1132,0
1133,1
1136,0
1139,1
1141,0
1142,0
1143,0
1148,0
1149,0
1150,1
1154,0
1155,0
1161,0
1162,0
1167,0
1174,0
1179,0
1184,1
1185,0
1191,0
1192,1
1196,0
1198,0
1207,0
1208,0
1209,0
1217,0
1219,0
1220,1
1224,1
1228,0
1230,0
1237,0
1239,0
1244,0
1256,0
1259,0
1260,0
1267,0
1269,0
1283,0
1296,1
1305,1
1310,1
1314,0
1319,1
1324,0
1327,0
1329,1
1332,0
1340,1
1341,0
1342,0
1343,0
1344,0
1346,1
1349,0
1353,0
1356,1
1365,1
1367,0
1369,1
1378,0
1379,0
1383,0
1386,1
1391,0
1393,0
1397,1
1398,0
1401,0
1404,1
1407,0
1410,1
1412,1
1414,0
1419,0
1422,0
1423,0
1431,1
1434,0
1436,0
1448,0
1450,0
1453,0
1455,0
1456,0
1457,0
1461,0
1466,0
1470,0
1473,1
1485,0
1487,0
1492,0
1497,1
1498,0
1503,0
1506,0
1508,0
1511,0
1512,0
1516,1
1517,0
1518,1
1519,0
1529,0
1534,0
1535,0
1540,0
1542,0
1547,1
1550,0
1551,0
1557,0
1559,1
1560,0
1561,0
1564,1
1566,1
1570,0
1578,0
1581,1
1587,1
1588,0
1590,0
1592,0
1593,0
1599,0
1604,1
1607,0
1610,0
1612,0
1613,0
1615,0
1633,0
1638,0
1644,0
1645,1
1648,0
1651,1
1654,0
1661,0
1662,1
1665,1
1668,0
1674,0
1678,1
1679,1
1682,0
1685,0
1689,0
1697,0
1702,0
1715,0
1716,1
1721,1
1722,0
1725,0
1730,0
1731,0
1732,0
1738,1
1739,0
1740,0
1743,0
1752,0
1764,1
1766,1
1770,1
1777,0
1778,0
1780,1
1792,0
1794,1
1801,0
1802,0
1803,0
1805,0
1807,0
1810,0
1818,0
1819,0
1821,0
1823,0
1830,0
1831,0
1834,0
1836,0
1843,0
1857,0
1859,0
1860,1
1866,0
1868,0
1876,0
1883,0
1887,0
1889,0
1891,1
1896,0
1901,0
1902,0
1912,0
1917,0
1919,0
1921,1
1934,1
1935,0
1939,0
1941,0
1942,0
1949,1
1956,0
1962,0
1970,0
1973,1
1985,0
1990,0
1996,0
2003,0
2007,1
2008,1
2010,0
2011,0
2016,0
2018,0
2022,0
2024,0
2028,1
2030,1
2032,0
2033,0
2035,0
2038,0
2039,0
2042,0
2047,0
2052,0
2053,1
2054,0
2066,0
2067,0
2068,1
2077,1
2080,1
2089,0
2094,0
2097,0
2099,0
2101,0
2103,0
2110,0
2113,0
2120,0
2121,1
2126,0
2129,1
2130,1
2133,1
2134,0
2137,1
2138,1
2144,0
2145,0
2147,0
2153,0
2155,0
2157,0
2158,0
2161,0
2169,0
2170,0
2175,1
2179,0
2182,1
2186,0
2187,0
2194,0
2195,1
2197,0
2209,0
2211,0
2216,0
2220,0
2222,0
2228,1
2229,0
2240,0
2246,0
2247,0
2257,0
2259,1
2277,0
2279,0
2281,0
2282,0
2283,1
2284,1
2285,0
2292,0
2294,1
2296,0
2302,0
2307,0
2313,0
2315,0
2318,0
2321,0
2322,0
2326,0
2329,0
2332,0
2334,1
2335,1
2342,0
2351,0
2353,0
2360,0
2364,1
2366,1
2367,1
2372,0
2382,0
2387,0
2392,0
2399,1
2400,1
2401,0
2402,0
2403,1
2406,0
2410,0
2413,0
2416,1
2420,1
2421,0
2424,0
2426,1
2427,0
2439,1
2440,1
2443,0
2446,0
2449,0
2450,0
2457,0
2462,0
2470,0
2477,0
2485,0
2488,0
2490,0
2497,1
2499,1
2500,0
2501,0
2502,0
2511,1
2512,0
2513,0
2517,0
2518,0
2519,1
2522,0
2523,0
2524,0
2525,0
2531,0
2535,0
2536,1
2538,0
2540,0
2544,0
2545,0
2553,0
2555,0
2557,0
2574,1
2576,0
2578,0
2579,0
2588,0
2592,0
2593,0
2606,0
2607,0
2609,0
2611,0
2619,0
2625,0
2626,0
2627,0
2629,0
2640,0
2641,0
2644,0
2645,0
2656,1
2659,0
2660,0
2663,0
2668,0
2671,0
2673,0
2677,0
2680,0
2683,0
2687,1
2689,0
2691,0
2695,0
2697,0
2698,1
2707,0
2709,0
2714,0
2715,0
2716,0
2726,0
2730,1
2733,0
2735,0
2745,0
2750,1
2754,0
2756,0
2757,1
2758,0
2759,1
2763,0
2773,0
2774,0
2777,0
2779,1
2782,1
2786,1
2787,0
2790,0
2791,0
2793,0
2794,0
2796,1
2797,0
2798,0
2802,1
2808,0
2809,0
2817,0
2819,0
2823,1
2824,0
2840,0
2851,0
2852,0
2860,0
2865,0
2867,0
2883,0
2887,0
2891,0
2895,0
2902,1
2905,0
2909,1
2911,0
2918,0
2919,1
2922,0
2925,0
2929,0
2930,1
2935,1
2936,1
2939,1
2948,0
2950,0
2958,0
2959,1
2964,0
2966,0
2969,1
2980,1
2981,0
2982,0
2986,1
2992,0
2994,1
2995,1
2996,0
3001,0
3002,1
3005,0
3006,0
3012,1
3020,1
3023,0
3025,1
3026,0
3032,1
3040,0
3041,0
3044,0
3063,0
3066,1
3070,0
3074,0
3078,0
3081,1
3083,0
3088,1
3093,1
3098,0
3099,1
3102,0
3106,1
3111,0
3117,0
3128,0
3129,1
3134,0
3135,0
3138,0
3148,0
3150,0
3153,0
3154,0
3155,0
3157,1
3159,1
3166,0
3167,0
3172,1
3173,0
3175,0
3181,1
3191,0
3195,0
3196,1
3197,1
3199,0
3212,1
3213,0
3214,0
3217,0
3224,0
3226,1
3227,0
3232,0
3235,0
3237,0
3240,0
3258,0
3272,0
3278,0
3279,0
3280,0
3281,0
3287,1
3291,0
3295,0
3298,0
3306,1
3308,0
3311,0
3314,0
3320,0
3321,0
3322,1
3352,1
3353,0
3357,0
3359,0
3366,0
3367,1
3371,0
3374,0
3375,1
3384,1
3385,1
3393,0
3395,0
3410,0
3412,0
3413,1
3415,1
3421,0
3427,0
3436,0
3438,1
3439,0
3444,0
3446,0
3449,0
3452,1
3455,1
3457,1
3458,0
3459,1
3460,1
3461,0
3469,0
3473,0
3474,0
3487,0
3491,0
3498,1
3499,0
3502,0
3504,0
3505,0
3508,1
3510,1
3512,1
3517,0
3519,1
3520,0
3522,1
3524,0
3538,0
3546,0
3547,0
3552,0
3556,0
3557,1
3560,0
3565,0
3568,1
3572,0
3581,0
3582,0
3595,1
3601,0
3605,1
3607,0
3611,0
3613,0
3614,0
3618,1
3627,1
3634,0
3639,0
3640,1
3646,0
3647,0
3649,0
3653,0
3654,0
3657,1
3664,1
3673,0
3674,0
3683,0
3685,0
3698,0
3702,0
3703,1
3706,0
3710,0
3712,0
3715,0
3717,0
3718,0
3724,0
3732,0
3733,0
3734,0
3743,0
3750,0
3751,0
3760,0
3761,0
3762,0
3763,1
3764,0
3771,1
3778,0
3786,0
3787,0
3788,0
3790,0
3791,1
3793,0
3795,0
3797,0
3800,0
3807,0
3808,0
3812,1
3813,0
3825,1
3826,1
3830,0
3833,0
3835,0
3844,1
3845,1
3848,0
3851,0
3855,1
3859,1
3860,0
3861,0
3864,1
3865,0
3866,0
3868,0
3869,1
3872,0
3879,1
3890,1
3891,0
3893,0
3896,0
3902,0
3903,0
3916,1
3918,1
3919,0
3920,0
3923,0
3926,0
3929,1
3930,0
3932,1
3945,0
3946,1
3948,1
3950,1
3955,0
3961,1
3963,1
3964,0
3965,0
3968,0
3975,0
3977,0
3982,1
3984,0
3985,0
3989,0
3991,0
4000,0
4006,0
4017,0
4018,0
4025,0
4028,0
4050,0
4051,0
4057,0
4067,0
4068,0
4076,0
4079,0
4086,0
4087,0
4093,0
4106,0
4108,1
4109,0
4110,0
4114,0
4115,0
4119,0
4120,0
4139,1
4140,0
4143,0
4149,0
4152,1
4154,0
4159,1
4165,1
4167,0
4169,1
4172,0
4173,0
4176,1
4179,0
4183,0
4191,1
4195,0
4196,0
4198,0
4199,1
4200,0
4204,0
4205,1
4210,0
4211,0
4212,1
4217,0
4223,1
4225,0
4229,0
4233,1
4235,0
4236,0
4240,0
4245,1
4260,0
4262,1
4263,0
4265,0
4269,1
4271,0
4275,1
4282,0
4291,1
4300,0
4302,0
4309,1
4310,0
4311,0
4314,0
4320,0
4324,0
4325,0
4329,0
4331,0
4337,1
4344,0
4349,1
4352,0
4355,0
4357,0
4361,0
4366,0
4367,1
4378,0
4379,1
4382,0
4389,0
4394,1
4401,0
4407,0
4409,0
4410,1
4411,0
4414,1
4421,0
4425,0
4427,0
4431,1
4434,0
4442,0
4443,1
4447,0
4448,0
4454,0
4456,0
4460,0
4462,0
4466,1
4471,0
4472,0
4473,0
4475,0
4476,0
4479,0
4481,1
4491,1
4493,1
4498,1
4500,0
4501,0
4504,1
4506,0
4511,0
4514,0
4517,0
4518,0
4521,1
4526,0
4530,0
4531,0
4535,0
4536,1
4537,0
4542,0
4548,0
4551,1
4561,1
4564,1
4567,0
4569,0
4573,0
4575,0
4583,0
4587,1
4591,0
4595,1
4601,0
4603,0
4606,0
4607,0
4612,0
4616,0
4628,0
4634,0
4640,1
4645,0
4646,0
4647,0
4655,0
4677,0
4687,0
4696,0
4706,0
4707,0
4709,0
4719,1
4720,1
4733,0
4734,0
4743,0
4754,0
4763,1
4764,0
4765,0
4766,0
4770,0
4771,1
4774,1
4778,0
4783,0
4788,1
4792,0
4793,0
4805,0
4809,1
4811,0
4812,0
4823,1
4824,0
4826,0
4827,1
4835,0
4856,0
4857,1
4864,0
4865,0
4868,0
4870,0
4872,0
4873,0
4877,0
4878,1
4883,0
4885,0
4887,1
4888,0
4892,0
4894,0
4898,0
4904,0
4913,0
4919,0
4924,0
4925,0
4931,0
4933,0
4943,0
4947,0
4951,1
4954,1
4955,0
4964,1
4971,0
4975,0
4976,0
4980,0
4984,0
4985,1
4987,0
4992,0
4993,0
4996,0
4998,0
5007,0
5015,0
5016,1
5021,0
5023,0
5024,1
5025,0
5026,0
5031,0
5033,1
5034,0
5039,1
5044,0
5045,1
5047,0
5049,0
5050,0
5058,1
5060,0
5061,0
5062,1
5068,0
5076,0
5077,0
5080,0
5083,1
5090,0
5091,1
5095,1
5098,1
5103,0
5105,1
5110,0
5111,1
5114,0
5116,1
5117,1
5120,0
5122,0
5123,1
5126,0
5130,0
5131,0
5138,0
5139,0
5142,1
5147,0
5150,1
5151,1
5154,0
5157,1
5162,0
5165,0
5170,1
5171,0
5177,0
5182,0
5187,1
5188,1
5191,1
5198,1
5201,0
5204,0
5208,0
5215,0
5218,0
5225,0
5231,0
5235,1
5240,1
5248,1
5249,0
5250,0
5252,0
5256,0
5261,0
5272,0
5273,0
5276,0
5284,0
5290,0
5297,0
5305,0
5311,0
5317,1
5319,0
5327,0
5328,0
5329,0
5331,0
5335,1
5336,1
5343,1
5345,0
5346,0
5349,0
5351,0
5353,0
5357,0
5364,0
5366,1
5369,0
5370,0
5377,0
5379,0
5383,0
5386,1
5387,0
5391,0
5392,0
5396,0
5400,0
5402,0
5404,0
5407,0
5410,0
5416,1
5423,0
5433,0
5439,0
5440,0
5446,1
5460,0
5477,0
5478,0
5484,0
5485,1
5491,1
5492,1
5498,0
5501,0
5514,0
5515,1
5517,0
5526,1
5528,1
5532,0
5535,0
5543,1
5557,0
5559,0
5560,1
5561,0
5562,0
5563,0
5564,0
5565,0
5568,0
5569,0
5571,1
5574,0
5578,1
5580,0
5582,0
5590,1
5593,0
5599,1
5612,0
5614,0
5618,1
5620,0
5630,0
5632,0
5658,1
5659,0
5662,1
5665,0
5677,1
5681,0
5682,0
5684,0
5686,1
5690,0
5693,0
5695,1
5700,0
5702,0
5705,1
5711,0
5715,0
5717,0
5719,0
5724,0
5727,0
5733,0
5735,0
5742,1
5751,1
5759,0
5763,1
5764,0
5765,0
5766,0
5767,0
5768,0
5778,0
5786,0
5790,0
5794,0
5798,0
5803,0
5804,0
5812,0
5835,0
5836,0
5837,0
5838,0
5849,0
5852,0
5860,0
5861,1
5862,0
5864,0
5865,0
5867,1
5872,0
5881,0
5883,0
5885,0
5899,0
5905,0
5916,0
5918,0
5921,0
5922,1
5925,1
5929,0
5930,1
5931,0
5935,1
5936,0
5940,1
5943,0
5956,1
5974,0
5977,0
5985,1
5989,0
6001,0
6003,0
6006,0
6007,1
6009,0
6013,1
6014,0
6015,0
6020,0
6021,0
6022,1
6023,0
6024,0
6026,0
6030,0
6033,1
6036,1
6044,0
6050,0
6051,1
6055,0
6075,0
6077,0
6078,0
6081,0
6082,1
6089,0
6092,0
6102,0
6103,0
6107,0
6110,0
6113,1
6123,0
6124,0
6127,1
6133,1
6134,0
6136,1
6137,0
6140,0
6143,0
6144,0
6146,0
6149,0
6160,1
6163,0
6168,0
6169,0
6170,0
6175,0
6185,0
6191,0
6192,0
6196,0
6203,0
6208,0
6211,0
6212,0
6219,0
6230,0
6233,0
6238,0
6240,0
6242,0
6243,0
6246,1
6248,0
6253,1
6254,1
6255,0
6256,0
6259,1
6260,0
6262,0
6271,0
6273,0
6274,0
6280,0
6282,1
6285,0
6291,1
6294,0
6295,0
6296,1
6300,1
6302,0
6306,0
6317,0
6318,0
6321,1
6323,0
6331,1
6337,0
6341,0
6343,0
6347,1
6349,0
6350,0
6351,1
6353,0
6369,0
6370,0
6371,0
6377,1
6382,0
6383,0
6387,0
6388,0
6390,0
6392,0
6398,0
6402,0
6407,0
6410,1
6411,0
6412,0
6414,0
6416,0
6422,0
6423,0
6424,0
6431,0
6434,1
6436,0
6442,0
6444,0
6447,0
6459,0
6464,0
6470,0
6473,0
6477,1
6479,0
6481,0
6483,0
6486,1
6487,0
6496,1
6500,0
6508,0
6509,0
6515,0
6516,0
6519,0
6523,1
6524,0
6527,1
6529,0
6534,0
6536,1
6537,0
6538,1
6544,1
6553,0
6554,0
6557,1
6558,1
6560,0
6562,0
6568,0
6570,0
6571,0
6579,0
6581,1
6582,0
6583,1
6590,1
6592,0
6597,1
6599,0
6604,0
6607,0
6608,0
6609,0
6610,0
6611,0
6612,0
6616,0
6618,0
6625,0
6627,0
6632,0
6635,0
6636,0
6640,0
6642,1
6647,0
6651,1
6653,0
6661,0
6666,0
6669,1
6676,1
6679,0
6684,1
6687,0
6689,1
6696,0
6698,0
6700,0
6701,0
6706,0
6724,1
6729,0
6734,0
6738,0
6743,1
6745,1
6746,1
6755,0
6761,1
6762,0
6763,0
6765,0
6769,1
6777,1
6782,0
6783,0
6784,1
6788,0
6789,0
6794,0
6796,1
6798,0
6802,1
6804,0
6806,0
6813,0
6814,0
6816,0
6824,0
6828,1
6830,1
6843,0
6847,1
6851,0
6852,0
6853,0
6857,0
6860,0
6862,1
6864,1
6865,0
6876,1
6878,0
6882,0
6884,0
6890,1
6902,0
6908,0
6909,1
6916,0
6919,0
6933,1
6938,0
6945,1
6952,0
6955,1
6960,1
6963,0
6966,0
6969,0
6971,0
6972,0
6976,0
6977,1
6987,1
6988,0
6990,0
6993,0
6994,0
6997,1
6999,0
7000,0
7009,1
7018,0
7020,1
7022,0
7027,0
7029,0
7030,0
7032,0
7037,1
7040,0
7042,0
7052,0
7053,0
7054,0
7055,0
7061,0
7070,0
7078,1
7081,1
7082,0
7090,0
7091,1
7094,0
7095,1
7097,1
7098,0
7100,0
7106,0
7107,0
7109,1
7111,0
7120,0
7124,0
7126,0
7133,0
7136,0
7139,1
7144,0
7147,1
7150,1
7154,0
7162,1
7163,1
7166,0
7170,0
7174,1
7179,1
7180,0
7194,0
7196,0
7198,1
7203,0
7210,1
7220,1
7223,0
7224,1
7230,0
7238,0
7252,0
7253,0
7254,0
7259,0
7264,0
7269,0
7279,0
7280,1
7282,1
7283,0
7284,1
7285,0
7287,0
7291,0
7295,1
7300,0
7303,0
7306,0
7310,0
7323,1
7325,0
7331,0
7332,0
7343,0
7344,0
7348,0
7349,0
7353,1
7358,0
7361,0
7363,0
7364,0
7366,0
7377,0
7382,0
7389,0
7395,0
7396,0
7402,1
7408,0
7409,0
7415,0
7421,1
7424,0
7426,1
7429,0
7430,0
7431,0
7442,1
7444,0
7448,0
7451,0
7452,1
7462,0
7466,0
7468,0
7471,0
7472,0
7478,0
7481,0
7483,0
7485,0
7487,0
7488,0
7492,0
7493,0
7494,0
7496,0
7498,1
7499,0
7503,0
7505,0
7506,0
7509,0
7510,1
7511,0
7512,0
7513,0
7514,1
7516,0
7523,0
7524,0
7527,0
7529,0
7532,0
7535,0
7539,1
7545,0
7546,1
7547,1
7552,1
7557,1
7558,0
7565,0
7566,0
7567,0
7569,1
7575,0
7576,0
7583,0
7587,1
7588,0
7590,0
7594,0
7597,0
7602,0
7603,0
7609,0
7612,0
7615,1
7618,1
7627,1
7633,0
7635,1
7636,0
7637,1
7638,0
7640,0
7645,0
7646,0
7649,1
7654,0
7658,0
7670,0
7673,0
7680,0
7689,0
7692,0
7695,0
7696,0
7700,1
7702,0
7704,0
7705,0
7707,0
7713,0
7728,0
7729,1
7730,0
7731,0
7733,0
7736,0
7742,0
7743,0
7749,0
7750,1
7752,0
7753,0
7754,0
7756,1
7757,0
7760,0
7762,0
7765,0
7770,0
7772,1
7775,0
7779,0
7780,0
7786,0
7788,0
7795,0
7799,0
7803,0
7811,0
7813,0
7816,0
7822,0
7823,0
7830,1
7831,1
7833,1
7835,1
7849,0
7861,0
7869,1
7871,1
7876,1
7877,0
7884,0
7885,1
7889,0
7890,0
7892,0
7897,0
7902,1
7908,0
7909,0
7910,0
7916,1
7926,1
7927,0
7931,1
7933,0
7935,0
7940,1
7944,0
7945,0
7950,1
7955,0
7957,0
7958,0
7959,0
7966,0
7968,0
7973,1
7979,1
7987,0
7989,0
7993,0
7994,1
8003,0
8009,0
8015,1
8016,1
8017,0
8022,0
8025,1
8028,0
8035,0
8036,0
8038,1
8039,1
8041,0
8048,1
8051,1
8056,0
8057,1
8059,0
8063,0
8068,0
8070,0
8076,0
8077,1
8081,0
8083,1
8084,0
8087,0
8088,1
8090,1
8093,0
8096,0
8100,0
8103,0
8108,0
8118,1
8126,0
8132,0
8134,0
8138,0
8141,0
8144,1
8146,0
8147,0
8151,0
8152,1
8160,0
8164,0
8169,1
8170,0
8179,1
8183,0
8184,1
8196,1
8201,0
8202,1
8203,0
8209,1
8210,0
8212,1
8217,0
8224,1
8225,0
8233,0
8234,1
8236,0
8239,1
8240,0
8241,0
8245,0
8247,1
8248,0
8249,0
8252,0
8259,0
8262,1
8263,0
8264,0
8279,0
8283,1
8287,0
8288,0
8290,0
8301,0
8310,0
8316,0
8317,0
8320,1
8328,0
8333,0
8337,0
8349,0
8351,0
8361,1
8370,1
8372,0
8374,0
8383,0
8388,0
8393,0
8398,0
8399,0
8408,0
8413,1
8420,1
8423,0
8424,0
8426,0
8428,0
8432,0
8434,0
8435,0
8442,1
8446,0
8449,0
8454,0
8456,0
8463,1
8475,0
8479,0
8489,1
8490,0
8496,1
8499,0
8501,1
8508,0
8509,0
8515,0
8519,1
8522,0
8525,0
8527,0
8528,0
8530,0
8534,0
8536,0
8537,1
8539,0
8551,0
8556,0
8559,0
8560,0
8565,0
8568,0
8569,1
8575,0
8580,0
8594,1
8601,0
8611,0
8613,0
8625,0
8628,0
8631,0
8639,0
8642,1
8644,0
8648,0
8649,1
8655,0
8657,0
8658,1
8659,0
8662,0
8663,1
8664,0
8665,0
8666,0
8668,0
8679,0
8693,1
8709,0
8711,0
8718,1
8720,0
8722,1
8726,0
8734,0
8739,0
8746,0
8748,0
8749,1
8755,0
8757,0
8763,0
8764,0
8766,1
8773,0
8777,0
8779,0
8783,0
8787,0
8789,0
8791,0
8794,0
8800,0
8803,0
8805,1
8816,0
8817,0
8818,0
8819,1
8821,0
8845,0
8849,0
8851,1
8852,0
8857,0
8867,1
8870,0
8871,0
8876,1
8883,0
8885,0
8889,0
8891,0
8892,0
8893,1
8894,0
8906,0
8907,1
8919,0
8923,0
8928,1
8931,1
8938,0
8943,0
8955,0
8957,1
8964,0
8965,0
8970,0
8975,0
8980,1
8983,0
8989,0
8992,0
8993,0
8996,1
8998,0
8999,0
9004,0
9007,1
9011,0
9018,1
9020,0
9021,0
9027,0
9035,0
9042,1
9044,1
9052,1
9056,0
9058,0
9059,0
9060,0
9061,0
9065,1
9068,0
9070,0
9071,0
9077,0
9081,0
9083,0
9084,0
9085,0
9088,0
9091,0
9093,0
9096,0
9098,0
9103,0
9109,0
9113,0
9126,0
9129,0
9130,0
9134,0
9137,0
9139,1
9141,1
9142,0
9147,1
9148,0
9151,1
9153,0
9154,0
9158,0
9160,0
9164,1
9170,0
9175,0
9176,0
9177,0
9178,0
9185,1
9186,0
9187,0
9189,0
9190,0
9195,1
9199,0
9205,0
9209,0
9213,1
9218,1
9221,0
9223,1
9229,1
9234,0
9235,0
9237,0
9243,0
9244,1
9250,1
9252,0
9253,0
9255,0
9261,1
9262,1
9270,1
9271,1
9273,0
9275,0
9281,0
9283,0
9290,0
9291,0
9292,1
9295,0
9304,0
9308,0
9313,1
9317,0
9321,0
9330,0
9332,0
9335,0
9344,1
9346,0
9349,0
9351,0
9352,1
9354,0
9359,0
9371,0
9372,0
9380,0
9381,0
9382,1
9384,0
9385,0
9388,1
9395,0
9404,1
9405,0
9415,0
9416,0
9422,0
9425,0
9426,0
9430,0
9433,0
9434,1
9436,0
9437,0
9445,0
9447,0
9452,0
9454,1
9455,0
9456,0
9464,0
9467,0
9469,0
9478,1
9481,0
9483,0
9485,0
9488,0
9502,0
9513,1
9518,1
9521,0
9528,1
9540,0
9542,1
9547,0
9554,1
9558,1
9559,0
9560,0
9561,1
9562,0
9563,0
9566,0
9571,0
9573,1
9574,0
9584,0
9588,0
9589,1
9599,0
9605,1
9610,0
9612,0
9613,0
9615,0
9617,0
9626,1
9634,1
9635,0
9636,0
9639,0
9640,0
9642,1
9643,0
9644,0
9652,0
9655,1
9662,1
9663,0
9664,0
9670,0
9673,0
9674,0
9675,1
9677,0
9685,0
9690,0
9692,0
9693,0
9697,0
9704,0
9705,0
9706,0
9710,0
9717,0
9719,0
9720,1
9724,0
9729,0
9739,1
9740,1
9741,0
9747,0
9751,0
9752,0
9756,0
9757,0
9758,0
9760,1
9762,1
9775,1
9776,1
9778,0
9779,0
9784,0
9788,1
9794,1
9804,1
9805,1
9815,1
9819,0
9832,0
9834,0
9839,1
9840,0
9842,0
9843,1
9844,0
9846,0
9850,0
9851,0
9852,1
9862,0
9863,0
9864,0
9866,0
9867,0
9868,0
9869,0
9875,0
9876,0
9879,1
9882,0
9884,0
9898,0
9900,0
9904,0
9907,1
9910,1
9911,0
9912,1
9913,0
9921,0
9924,0
9930,0
9934,0
9935,1
9936,1
9940,0
9942,0
9943,1
9945,0
9956,0
9961,0
9962,0
9972,1
9973,0
9975,0
9983,0
9987,0
9993,0
9998,0
10008,0
10018,1
10024,0
10034,0
10038,0
10039,0
10041,1
10043,1
10044,0
10047,1
10052,1
10054,0
10055,1
10056,0
10057,1
10062,0
10071,1
10075,0
10078,1
10082,0
10087,1
10093,0
10094,0
10095,0
10099,0
10105,0
10108,1
10109,0
10115,1
10122,0
10129,0
10130,1
10132,0
10147,0
10148,1
10153,0
10155,0
10178,1
10196,1
10200,0
10203,1
10208,0
10217,0
10220,1
10222,0
10225,0
10227,0
10235,0
10246,0
10247,0
10248,0
10249,1
10250,0
10251,0
10253,0
10256,0
10257,1
10263,1
10264,0
10265,0
10270,0
10290,0
10292,0
10310,0
10320,0
10325,0
10329,0
10331,0
10335,0
10351,0
10353,1
10357,0
10362,1
10372,0
10382,1
10384,0
10385,0
10391,0
10397,0
10398,1
10407,1
10408,0
10409,1
10414,0
10422,0
10423,1
10427,0
10429,0
10430,1
10433,1
10441,0
10443,1
10446,1
10448,0
10455,0
10463,0
10465,1
10473,0
10481,1
10483,0
10484,0
10485,0
10494,0
10495,0
10504,0
10519,0
10522,1
10524,0
10528,0
10529,0
10536,0
10539,0
10540,0
10541,0
10545,1
10547,0
10549,0
10551,0
10552,0
10553,1
10554,0
10557,0
10564,0
10566,0
10567,0
10573,1
10581,0
10598,0
10608,0
10609,1
10612,1
10617,0
10619,0
10620,1
10621,0
10623,0
10627,0
10629,1
10630,0
10641,0
10649,0
10650,0
10655,0
10662,0
10663,0
10667,0
10668,0
10669,0
10680,0
10684,0
10691,0
10693,0
10694,0
10695,0
10708,0
10711,0
10712,0
10713,0
10717,0
10728,1
10732,1
10734,1
10739,0
10743,0
10746,0
10747,0
10754,0
10758,0
10760,0
10761,0
10765,0
10766,1
10769,0
10772,1
10773,1
10774,0
10777,0
10778,0
10779,0
10786,0
10789,0
10794,0
10795,0
10800,0
10809,0
10819,1
10825,1
10827,0
10831,1
10834,1
10835,0
10836,0
10837,0
10842,0
10847,0
10848,1
10849,1
10852,0
10853,0
10856,0
10862,0
10866,0
10871,0
10872,1
10884,0
10899,0
10902,1
10903,0
10905,0
10912,1
10913,0
10915,0
10919,0
10923,0
10929,0
10931,0
10950,1
10958,0
10960,0
10962,0
10963,0
10966,1
10972,0
10979,0
10980,0
10981,1
10992,0
10993,0
10996,0
10998,0
11001,0
11010,1
11014,1
11023,0
11030,0
11034,0
11036,0
11037,0
11044,1
11048,0
11050,0
11051,0
11052,1
11056,0
11065,1
11066,1
11067,0
11076,0
11077,0
11079,0
11085,0
11088,0
11098,0
11099,0
11103,0
11105,0
11111,0
11114,1
11116,0
11122,0
11132,1
11135,1
11137,0
11155,0
11159,0
11161,0
11167,0
11171,0
11172,0
11176,1
11178,1
11180,0
11183,1
11187,0
11190,0
11191,0
11197,0
11198,0
11199,0
11200,1
11206,1
11217,0
11224,0
11238,1
11243,0
11258,0
11261,0
11266,0
11273,0
11274,0
11279,0
11281,0
11298,0
11301,0
11303,0
11304,0
11305,0
11312,1
11313,0
11316,0
11319,0
11324,0
11325,0
11327,0
11328,0
11329,0
11339,0
11341,0
11350,1
11352,0
11356,0
11358,1
11359,0
11372,0
11380,1
11388,0
11392,0
11395,0
11397,1
11399,0
11404,1
11405,0
11406,0
11409,1
11412,0
11413,1
11422,1
11426,1
11427,1
11429,1
11431,0
11433,1
11437,0
11444,0
11448,0
11450,1
11452,0
11454,1
11459,0
11462,0
11464,0
11466,0
11469,0
11475,1
11483,0
11487,1
11489,0
11490,1
11495,0
11497,0
11499,0
11500,0
11503,1
11505,0
11506,1
11508,0
11511,0
11512,0
11516,0
11517,0
11520,1
11525,0
11536,0
11543,0
11547,0
11549,0
11554,0
11559,0
11560,0
11564,0
11580,0
11583,0
11584,0
11588,0
11591,0
11597,0
11598,0
11603,0
11609,0
11621,0
11622,0
11623,1
11626,1
11634,0
11637,0
11650,0
11652,0
11653,0
11654,1
11665,1
11667,0
11669,0
11671,0
11677,0
11680,1
11681,1
11684,0
11685,0
11693,0
11694,0
11695,1
11699,1
11701,0
11702,0
11704,1
11705,0
11706,0
11717,0
11719,1
11722,1
11723,0
11724,0
11732,0
11739,0
11744,0
11746,0
11749,1
11751,0
11757,1
11769,0
11775,0
11778,0
11781,0
11782,0
11786,1
11789,0
11790,0
11796,0
11798,0
11799,1
11802,0
11805,0
11806,0
11809,1
11814,0
11818,0
11821,0
11828,1
11829,1
11833,0
11838,1
11841,0
11844,0
11864,0
11876,0
11879,0
11884,1
11885,0
11889,0
11895,0
11904,0
11915,0
11921,0
11928,1
11929,0
11933,0
11939,0
11951,0
11952,0
11969,0
11972,0
11976,0
11977,0
11980,0
11983,0
11994,0
12000,0
12001,1
12002,0
12005,0
12009,0
12018,0
12022,0
12031,1
12038,0
12047,1
12050,0
12051,0
12058,0
12060,0
12064,0
12065,0
12066,0
12067,0
12072,0
12075,0
12080,0
12093,0
12094,1
12095,0
12102,1
12110,0
12112,0
12115,1
12122,1
12134,0
12135,0
12140,1
12143,1
12160,0
12162,0
12163,0
12164,0
12171,0
12173,0
12174,0
12175,0
12178,0
12182,1
12183,0
12195,0
12196,1
12198,0
12199,1
12205,0
12208,0
12211,0
12212,0
12215,0
12216,0
12220,1
12221,0
12222,1
12231,0
12232,0
12233,1
12235,0
12241,0
12246,0
12248,1
12252,1
12253,0
12265,0
12278,0
12281,0
12284,0
12290,1
12291,0
12292,1
12294,0
12297,0
12300,0
12301,0
12306,1
12308,0
12312,0
12317,0
12320,0
12327,0
12331,1
12333,0
12339,0
12344,0
12351,0
12356,0
12360,0
12362,1
12367,0
12368,0
12370,0
12374,1
12380,1
12384,1
12390,0
12392,0
12393,0
12396,1
12398,0
12407,0
12408,0
12413,0
12414,1
12416,1
12417,0
12422,0
12425,0
12426,0
12428,0
12434,0
12436,0
12439,0
12443,1
12445,0
12452,1
12456,1
12457,0
12466,1
12467,1
12480,0
12484,0
12486,0
12496,0
12498,0
12504,0
12506,1
12511,0
12513,1
12520,1
12524,0
12526,0
12531,0
12532,0
12533,0
12534,0
12535,0
12537,0
12540,0
12542,1
12548,1
12557,0
12570,0
12572,1
12573,1
12575,0
12576,0
12577,1
12579,0
12582,1
12597,0
12598,0
12606,0
12611,0
12625,0
12629,0
12631,0
12637,0
12639,0
12641,0
12644,0
12645,0
12649,0
12652,0
12653,0
12664,0
12665,1
12672,1
12679,0
12686,0
12692,0
12698,0
12699,0
12700,0
12702,0
12703,0
12704,0
12707,0
12716,0
12718,0
12720,0
12722,0
12723,0
12725,0
12727,1
12730,0
12731,0
12738,0
12741,0
12746,1
12750,0
12758,0
12761,0
12764,0
12767,0
12773,0
12776,1
12779,0
12788,0
12796,0
12802,0
12810,0
12813,1
12817,1
12828,0
12829,1
12843,0
12844,0
12845,0
12849,0
12851,0
12854,1
12861,0
12862,0
12864,0
12869,0
12872,1
12880,0
12882,0
12883,0
12889,0
12894,0
12897,1
12907,0
12909,1
12913,0
12914,0
12916,0
12923,0
12925,0
12933,0
12939,0
12940,0
12954,0
12955,0
12959,1
12969,0
12975,0
12981,1
12985,0
12986,1
12989,0
12992,0
13003,0
13010,0
13012,0
13016,1
13021,0
13022,0
13023,0
13026,0
13029,0
13031,0
13037,0
13044,0
13047,0
13053,0
13059,0
13061,1
13066,0
13067,0
13084,0
13085,0
13089,0
13093,0
13099,0
13100,0
13105,0
13106,0
13107,0
13111,0
13117,0
13118,0
13120,0
13123,1
13127,1
13146,0
13150,0
13153,0
13154,1
13157,0
13158,0
13164,1
13169,0
13170,0
13174,0
13178,1
13182,1
13183,0
13187,0
13190,0
13192,0
13197,1
13202,0
13204,0
13207,0
13208,1
13209,0
13210,0
13218,0
13228,0
13229,0
13233,0
13235,0
13236,0
13241,0
13245,0
13248,0
13255,0
13271,0
13272,0
13274,0
13281,0
13288,0
13291,0
13299,1
13302,0
13303,0
13305,0
13307,0
13309,0
13311,0
13320,0
13332,0
13333,1
13338,0
13339,0
13340,0
13346,0
13348,1
13357,0
13362,1
13364,0
13371,0
13375,1
13382,1
13383,0
13387,0
13391,1
13396,0
13406,0
13413,1
13419,0
13423,0
13427,1
13431,0
13444,0
13450,0
13451,1
13456,1
13458,0
13460,1
13464,0
13465,0
13467,1
13468,0
13471,1
13479,0
13481,0
13483,0
13488,0
13494,1
13499,1
13500,0
13504,0
13515,0
13517,0
13523,0
13526,0
13528,1
13531,1
13532,0
13535,0
13542,0
13561,0
13563,0
13568,0
13574,0
13575,0
13576,0
13584,0
13587,0
13592,1
13600,0
13603,1
13604,1
13606,0
13607,0
13612,0
13615,0
13622,0
13624,1
13625,0
13628,0
13633,0
13641,0
13649,0
13657,1
13661,0
13666,0
13667,0
13668,0
13672,0
13675,0
13684,0
13686,0
13690,0
13695,0
13698,0
13699,0
13704,0
13712,1
13714,0
13715,1
13718,1
13721,0
13725,0
13729,0
13738,0
13740,0
13751,1
13756,0
13762,0
13769,1
13777,0
13778,0
13780,0
13788,1
13789,0
13790,0
13791,0
13798,0
13802,0
13805,0
13819,0
13821,0
13827,0
13830,0
13831,0
13833,0
13839,0
13840,0
13846,0
13854,0
13857,0
13859,0
13860,0
13862,0
13863,0
13866,0
13870,1
13877,0
13881,0
13883,1
13886,0
13888,0
13895,0
13902,0
13903,1
13906,0
13907,1
13908,0
13909,0
13913,0
13919,0
13926,0
13927,1
13929,0
13930,0
13934,0
13939,0
13942,1
13944,1
13956,0
13959,0
13969,0
13973,1
13975,1
13977,0
13979,0
13980,0
13981,0
13987,0
13988,0
13991,1
14001,0
14002,1
14009,1
14011,1
14021,0
14025,0
14026,0
14029,0
14033,0
14035,0
14037,0
14040,0
14055,0
14064,0
14068,0
14070,0
14075,0
14077,0
14079,1
14081,0
14084,0
14087,1
14089,0
14090,0
14096,0
14100,0
14106,1
14107,0
14111,0
14114,0
14115,0
14119,1
14122,0
14124,0
14125,1
14127,1
14131,0
14133,0
14134,0
14137,0
14143,0
14145,0
14150,0
14152,0
14153,1
14154,0
14158,0
14159,0
14171,0
14173,1
14174,1
14181,1
14186,1
14187,1
14196,0
14197,1
14199,0
14200,0
14202,0
14207,1
14208,1
14210,0
14212,0
14213,0
14220,0
14221,0
14223,0
14224,0
14236,0
14241,0
14242,0
14244,1
14245,1
14247,0
14268,1
14272,0
14276,1
14278,0
14280,0
14282,0
14283,0
14284,0
14285,1
14286,0
14288,0
14289,0
14295,0
14296,0
14297,0
14301,0
14302,0
14305,0
14306,0
14307,0
14309,0
14312,0
14324,0
14325,1
14326,1
14329,0
14333,1
14335,0
14340,0
14341,0
14346,0
14347,0
14348,1
14358,1
14359,1
14361,0
14362,0
14363,1
14364,0
14368,0
14373,0
14374,0
14378,0
14379,0
14380,1
14381,0
14383,0
14387,0
14389,0
14392,0
14395,0
14398,0
14401,0
14406,0
14412,0
14413,0
14415,0
14416,1
14425,0
14428,0
14431,0
14435,0
14436,0
14442,0
14443,0
14445,1
14448,1
14451,0
14453,0
14454,0
14455,1
14459,1
14461,1
14462,1
14464,1
14467,0
14470,0
14481,0
14485,0
14488,0
14489,0
14494,0
14496,0
14502,0
14504,0
14505,1
14507,0
14513,1
14517,1
14522,1
14523,0
14525,0
14539,0
14545,0
14549,0
14551,1
14563,0
14566,0
14568,0
14569,0
14571,0
14578,0
14581,0
14584,0
14592,0
14593,0
14596,0
14603,1
14605,0
14611,0
14612,0
14614,0
14622,0
14625,0
14627,0
14629,1
14634,1
14640,1
14644,0
14647,0
14655,1
14661,0
14662,0
14667,1
14671,0
14673,0
14674,0
14675,0
14677,0
14680,0
14689,0
14690,1
14691,1
14693,1
14694,0
14698,0
14708,0
14709,1
14710,0
14715,1
14716,0
14719,0
14720,0
14722,0
14726,0
14735,0
14736,0
14739,0
14743,0
14755,0
14759,0
14763,0
14765,1
14772,0
14775,0
14778,0
14784,0
14798,0
14821,1
14824,0
14827,0
14831,1
14832,0
14839,0
14841,0
14842,0
14851,0
14862,0
14863,0
14864,1
14865,0
14866,0
14875,0
14879,0
14881,0
14894,0
14895,1
14898,1
14899,1
14900,0
14903,0
14905,0
14906,0
14919,0
14923,0
14925,0
14926,0
14928,0
14929,0
14932,0
14933,0
14939,0
14946,0
14947,0
14948,0
14949,0
14955,0
14958,0
14962,0
14963,1
14969,0
14978,0
14989,0
14991,0
14997,0
15007,0
15009,0
15018,0
15020,0
15024,0
15030,1
15032,0
15036,0
15037,0
15038,1
15039,1
15042,0
15044,0
15047,0
15054,0
15059,0
15062,0
15069,0
15070,0
15075,1
15081,0
15082,0
15083,0
15089,0
15090,0
15095,1
15100,0
15102,0
15112,0
15113,0
15120,0
15124,1
15127,1
15128,0
15130,0
15134,0
15136,0
15144,0
15147,0
15148,1
15153,0
15156,0
15159,0
15161,0
15164,1
15165,0
15168,0
15174,1
15175,0
15176,0
15183,0
15184,0
15185,1
15186,1
15187,0
15190,0
15191,1
15195,1
15197,0
15202,0
15204,0
15206,1
15209,1
15215,1
15220,0
15229,0
15230,0
15232,0
15233,0
15240,1
15242,0
15243,1
15245,0
15247,0
15248,1
15250,1
15252,0
15263,0
15266,0
15268,0
15270,1
15271,1
15272,0
15274,0
15275,1
15276,1
15281,0
15283,0
15284,0
15287,0
15295,1
15301,0
15302,0
15304,0
15305,1
15307,1
15308,0
15309,0
15311,0
15312,0
15315,0
15326,1
15332,0
15336,1
15341,0
15345,0
15361,0
15364,1
15370,0
15376,0
15399,0
15404,0
15409,0
15411,0
15414,0
15415,0
15416,0
15417,0
15423,0
15425,0
15429,0
15433,0
15436,0
15442,0
15445,0
15448,0
15450,0
15452,1
15456,0
15458,0
15459,0
15463,0
15468,1
15469,1
15472,0
15476,0
15483,0
15486,0
15487,1
15495,0
15500,0
15502,1
15504,0
15507,0
15510,0
15515,0
15530,1
15533,0
15538,1
15539,0
15541,1
15543,0
15546,1
15547,1
15549,1
15555,1
15556,1
15566,1
15571,0
15573,0
15582,1
15591,1
15592,0
15596,0
15597,0
15601,0
15608,0
15609,0
15610,1
15611,0
15612,1
15618,0
15619,1
15622,0
15623,0
15629,0
15631,0
15634,1
15638,0
15644,0
15645,0
15648,0
15651,0
15653,0
15657,0
15659,0
15661,1
15665,0
15667,0
15668,0
15669,0
15670,0
15671,1
15688,0
15689,0
15690,0
15694,0
15695,1
15696,1
15709,0
15711,0
15712,0
15713,0
15715,0
15720,0
15721,1
15744,0
15747,0
15751,0
15757,0
15758,1
15764,0
15769,0
15783,1
15786,0
15788,1
15794,0
15795,0
15796,0
15797,1
15800,0
15809,1
15813,0
15819,0
15827,0
15828,0
15829,0
15835,0
15839,0
15841,0
15842,1
15843,1
15852,1
15881,0
15886,0
15891,0
15894,0
15904,0
15912,0
15918,0
15919,1
15934,0
15935,0
15937,1
15938,0
15947,0
15950,0
15955,0
15959,1
15964,1
15965,0
15966,0
15968,1
15969,0
15971,1
15975,0
15978,0
15980,0
15981,0
15982,1
15988,0
15993,0
15994,0
15996,0
15998,0
15999,0
16000,1
16001,1
16004,0
16009,0
16014,0
16017,0
16018,0
16025,1
16027,1
16028,1
16029,0
16032,0
16037,0
16039,0
16044,0
16046,0
16058,0
16059,0
16061,1
16064,0
16065,0
16077,0
16080,0
16086,0
16092,0
16100,0
16110,0
16111,0
16112,0
16114,0
16119,0
16127,0
16129,1
16137,0
16138,0
16143,0
16144,1
16148,0
16153,1
16155,0
16163,1
16170,0
16191,0
16200,1
16202,0
16205,0
16208,0
16211,0
16212,1
16214,0
16216,0
16221,0
16224,1
16225,1
16229,1
16232,1
16238,1
16243,1
16253,0
16259,1
16260,0
16262,0
16267,1
16272,0
16275,0
16278,1
16292,0
16294,0
16296,0
16298,0
16299,0
16300,1
16302,0
16304,0
16305,0
16307,1
16308,0
16309,0
16315,0
16316,0
16321,0
16323,0
16327,0
16330,0
16331,0
16333,0
16339,0
16348,0
16351,1
16354,0
16357,0
16363,1
16377,0
16381,0
16384,0
16387,0
16400,0
16402,1
16404,0
16405,0
16408,1
16410,0
16420,0
16425,0
16430,0
16435,0
16441,1
16447,0
16449,0
16454,0
16457,0
16458,0
16460,0
16465,1
16468,0
16469,0
16475,0
16478,0
16480,1
16481,0
16482,0
16489,0
16496,0
16498,0
16502,0
16504,0
16510,0
16523,0
16527,0
16529,1
16533,1
16534,0
16540,0
16552,0
16558,0
16559,0
16566,0
16568,0
16570,0
16571,1
16572,0
16575,0
16581,0
16591,0
16598,0
16600,0
16606,1
16608,0
16614,1
16615,0
16619,0
16640,0
16644,0
16646,0
16647,0
16648,1
16650,0
16651,0
16653,0
16658,0
16666,0
16667,0
16668,0
16672,0
16675,1
16679,0
16683,0
16686,0
16688,1
16690,0
16696,0
16705,0
16708,0
16709,0
16713,0
16718,1
16723,0
16730,0
16735,1
16737,0
16749,0
16754,1
16755,0
16760,0
16765,0
16770,0
16786,1
16790,0
16793,0
16794,1
16801,0
16810,0
16811,0
16814,0
16815,1
16816,1
16825,0
16832,0
16835,0
16837,1
16839,0
16840,0
16843,0
16853,1
16857,0
16861,0
16863,1
16876,0
16878,1
16885,0
16887,0
16890,1
16895,0
16898,0
16905,0
16910,0
16912,1
16920,0
16927,0
16931,0
16932,0
16933,0
16941,0
16944,0
16947,1
16948,0
16951,0
16957,0
16961,1
16964,0
16966,0
16971,1
16972,0
16975,1
16977,0
16978,0
16995,0
16996,0
16999,0
17005,0
17006,0
17007,0
17026,0
17037,0
17038,1
17039,0
17042,0
17045,1
17046,0
17047,1
17050,0
17054,0
17063,0
17065,1
17066,1
17067,0
17073,0
17077,1
17083,0
17084,0
17087,1
17093,0
17101,1
17113,1
17114,0
17119,0
17120,0
17121,0
17124,0
17125,1
17131,0
17132,0
17133,0
17134,0
17138,0
17142,0
17148,0
17152,1
17153,1
17158,1
17159,0
17163,1
17177,1
17178,0
17185,0
17186,1
17187,0
17189,0
17190,0
17191,0
17195,0
17202,1
17204,0
17205,0
17207,0
17214,0
17215,0
17217,0
17219,0
17220,1
17221,0
17223,1
17224,0
17227,0
17230,0
17232,0
17236,1
17244,1
17246,1
17255,0
17259,1
17262,0
17269,0
17277,0
17279,0
17285,0
17289,0
17293,1
17295,0
17297,0
17298,0
17304,1
17306,0
17321,0
17323,0
17334,1
17335,1
17337,0
17343,0
17344,0
17347,0
17355,0
17357,0
17361,0
17365,1
17368,0
17374,0
17375,0
17377,1
17378,0
17381,0
17387,0
17389,0
17391,0
17402,0
17403,0
17414,0
17415,0
17416,0
17418,0
17423,1
17426,0
17437,0
17438,0
17442,1
17444,0
17445,0
17453,0
17454,0
17456,1
17465,0
17473,0
17476,0
17478,1
17479,0
17484,1
17485,0
17486,0
17487,1
17488,1
17497,0
17498,1
17506,0
17507,0
17519,0
17528,0
17530,0
17536,0
17541,0
17542,0
17546,0
17562,1
17564,0
17568,0
17570,0
17571,1
17575,1
17578,0
17579,0
17582,1
17592,0
17593,1
17601,0
17604,0
17613,0
17614,1
17619,1
17622,0
17624,0
17626,0
17634,0
17649,1
17655,0
17665,0
17673,0
17678,1
17680,0
17683,0
17690,0
17691,1
17693,0
17694,0
17695,0
17697,0
17700,0
17709,0
17712,0
17716,1
17720,0
17729,0
17730,0
17736,0
17738,0
17740,1
17742,0
17747,0
17749,0
17750,0
17753,0
17754,0
17756,0
17759,0
17760,0
17761,0
17765,0
17774,0
17781,0
17782,0
17787,0
17788,1
17791,1
17796,0
17798,0
17803,0
17807,0
17809,0
17810,0
17813,0
17817,0
17819,0
17823,0
17825,0
17828,1
17844,0
17854,0
17859,1
17860,0
17875,1
17876,1
17882,1
17890,0
17891,0
17894,0
17898,0
17904,0
17905,0
17907,0
17909,0
17913,1
17918,0
17921,0
17922,0
17924,0
17925,0
17926,0
17928,0
17936,1
17938,0
17939,0
17940,0
17945,0
17954,0
17964,1
17966,0
17967,0
17970,0
17971,0
17972,1
17976,0
17977,1
17980,1
17983,1
17987,0
17988,1
17991,0
17992,0
17994,0
18002,0
18006,0
18009,0
18014,1
18019,0
18021,1
18025,1
18026,1
18035,0
18036,0
18037,0
18039,0
18046,0
18049,0
18055,1
18056,0
18064,1
18069,0
18070,0
18072,0
18073,1
18077,0
18082,0
18083,1
18084,0
18085,0
18087,1
18097,0
18098,1
18106,0
18110,0
18115,0
18117,0
18118,0
18128,1
18135,0
18139,0
18141,0
18146,0
18147,0
18150,1
18155,0
18166,0
18169,1
18170,1
18191,1
18193,1
18195,0
18198,1
18204,1
18207,0
18212,1
18215,0
18218,1
18220,1
18222,0
18224,1
18241,0
18242,0
18246,1
18260,1
18262,1
18264,1
18266,1
18268,0
18275,1
18278,0
18282,0
18290,0
18291,0
18294,1
18296,0
18299,0
18300,0
18304,0
18306,0
18315,0
18320,0
18323,0
18330,1
18337,1
18342,0
18343,1
18345,1
18350,0
18351,0
18364,0
18368,0
18383,0
18385,0
18390,0
18392,0
18401,0
18404,0
18406,0
18408,0
18411,0
18422,0
18428,0
18430,0
18432,0
18435,1
18437,0
18441,0
18443,0
18444,0
18446,0
18451,0
18460,0
18464,1
18465,0
18466,0
18469,0
18470,0
18472,1
18476,1
18481,0
18482,0
18485,1
18500,1
18505,0
18508,1
18511,0
18517,0
18528,0
18531,0
18532,0
18540,1
18541,0
18545,0
18550,0
18553,0
18559,0
18560,0
18561,0
18564,0
18568,0
18572,1
18573,0
18574,0
18575,0
18579,0
18583,0
18588,0
18589,1
18590,1
18591,1
18594,0
18595,0
18597,0
18603,0
18611,0
18613,0
18614,1
18615,1
18626,0
18627,0
18628,0
18631,0
18633,1
18636,0
18640,1
18642,0
18643,0
18646,0
18648,0
18650,0
18651,0
18653,1
18654,1
18658,1
18659,0
18661,0
18662,0
18663,1
18668,0
18680,1
18681,1
18684,1
18696,1
18699,0
18706,0
18711,0
18716,0
18724,0
18728,0
18734,0
18738,0
18740,1
18750,1
18756,0
18764,1
18765,0
18766,0
18767,1
18771,0
18772,0
18775,0
18776,0
18778,0
18784,0
18786,0
18792,0
18795,0
18796,1
18797,0
18802,1
18809,1
18814,0
18820,0
18823,0
18831,0
18833,1
18836,1
18847,0
18848,0
18855,0
18857,0
18861,1
18867,1
18872,0
18876,1
18877,1
18889,0
18893,0
18895,0
18899,0
18903,0
18904,0
18909,0
18912,1
18914,0
18918,1
18920,0
18923,1
18924,0
18925,0
18926,0
18927,0
18942,1
18945,0
18953,0
18958,0
18962,0
18963,0
18973,0
18976,0
18977,0
18983,0
18990,0
18992,0
18994,0
18995,0
19000,1
19001,0
19003,0
19015,0
19016,1
19017,0
19018,0
19020,1
19023,0
19035,0
19041,0
19042,0
19045,0
19057,1
19060,0
19064,0
19067,0
19069,1
19070,0
19072,0
19073,1
19075,1
19078,0
19079,0
19087,1
19088,0
19089,0
19092,1
19093,0
19094,1
19095,0
19097,1
19099,0
19103,1
19109,0
19111,1
19115,0
19117,0
19118,0
19120,0
19122,0
19125,0
19127,0
19132,0
19146,0
19158,0
19159,1
19169,0
19173,0
19177,0
19178,1
19180,0
19184,0
19185,1
19188,0
19191,0
19198,0
19200,1
19202,1
19208,0
19213,1
19216,1
19221,0
19225,0
19229,0
19230,0
19232,1
19233,0
19236,0
19237,0
19238,1
19240,0
19243,1
19246,0
19248,0
19249,0
19250,0
19252,0
19259,0
19263,0
19270,0
19273,0
19274,0
19281,0
19288,0
19297,1
19299,0
19305,0
19306,0
19308,0
19310,0
19311,0
19315,0
19322,1
19323,1
19329,1
19331,0
19332,0
19334,0
19350,0
19353,1
19360,1
19363,0
19364,0
19367,0
19368,0
19370,1
19371,1
19374,0
19375,1
19382,0
19383,0
19388,0
19394,0
19399,1
19412,0
19415,0
19419,0
19432,0
19434,0
19435,0
19440,0
19444,1
19450,0
19453,0
19455,0
19464,0
19469,0
19471,0
19477,0
19478,0
19483,0
19496,1
19501,0
19503,1
19504,0
19505,1
19509,0
19513,1
19517,0
19519,1
19524,0
19535,0
19539,1
19543,0
19549,0
19554,0
19555,0
19561,0
19565,0
19570,0
19574,0
19585,0
19588,0
19590,0
19601,1
19602,1
19609,1
19610,0
19612,0
19616,0
19617,0
19618,1
19619,0
19623,0
19625,0
19626,0
19627,0
19633,0
19638,0
19640,0
19641,0
19643,0
19644,0
19653,1
19665,0
19667,1
19668,1
19674,1
19675,0
19678,0
19681,0
19682,1
19685,0
19687,1
19688,0
19690,1
19697,0
19701,0
19703,1
19708,0
19713,0
19714,0
19715,0
19716,0
19723,1
19731,1
19735,0
19749,0
19753,1
19758,0
19759,0
19760,0
19780,0
19782,1
19789,1
19805,0
19807,0
19810,0
19813,0
19827,0
19832,0
19838,1
19840,0
19844,0
19847,0
19848,1
19854,0
19863,0
19866,0
19873,0
19880,1
19887,1
19897,0
19899,1
19904,1
19908,0
19910,0
19914,0
19917,1
19920,0
19930,1
19931,0
19939,1
19942,0
19944,0
19961,0
19963,1
19980,0
19982,0
19985,1
19990,1
19995,0
19997,0
20005,1
20011,0
20025,1
20029,0
20036,1
20040,1
20042,0
20044,0
20045,0
20053,0
20060,0
20080,0
20083,0
20088,0
20091,1
20094,1
20095,0
20099,0
20100,1
20102,0
20104,0
20105,0
20106,1
20107,0
20116,0
20117,0
20123,0
20124,0
20128,0
20142,1
20145,0
20151,0
20158,0
20163,0
20167,0
20168,0
20169,0
20170,0
20176,1
20179,0
20180,1
20182,1
20185,0
20188,0
20190,1
20193,0
20199,0
20200,1
20203,0
20207,0
20212,0
20217,0
20222,1
20223,0
20235,0
20238,0
20241,1
20249,0
20250,0
20251,1
20252,0
20253,0
20257,0
20263,0
20271,0
20272,0
20279,0
20290,1
20292,0
20293,0
20294,0
20295,0
20296,0
20297,1
20306,0
20308,0
20313,0
20318,0
20319,1
20324,0
20326,1
20330,0
20332,1
20335,1
20339,0
20343,1
20348,0
20349,0
20352,1
20355,0
20356,0
20361,0
20362,0
20363,0
20369,0
20380,1
20381,1
20382,0
20384,0
20385,0
20388,0
20390,0
20398,0
20409,0
20415,1
20416,0
20426,0
20430,0
20436,0
20444,0
20454,0
20460,0
20461,1
20465,1
20468,0
20472,1
20475,0
20479,0
20482,0
20487,0
20488,0
20490,0
20493,0
20501,0
20502,0
20506,0
20512,0
20514,1
20516,0
20522,0
20524,0
20526,0
20528,1
20535,0
20536,0
20539,0
20541,0
20542,0
20543,0
20545,0
20550,1
20551,0
20558,0
20559,0
20566,1
20570,1
20576,0
20579,1
20580,0
20588,0
20589,0
20600,0
20602,0
20606,0
20608,0
20617,1
20623,1
20624,0
20628,1
20630,1
20631,0
20632,0
20642,0
20644,0
20646,0
20647,0
20654,0
20670,0
20671,0
20674,0
20681,0
20688,0
20691,0
20701,0
20716,0
20718,1
20725,0
20728,0
20729,0
20731,1
20737,0
20738,0
20739,0
20740,0
20749,0
20752,0
20754,0
20758,0
20763,0
20767,1
20771,0
20789,0
20793,1
20794,0
20795,1
20796,1
20806,0
20809,1
20810,0
20815,0
20820,0
20823,0
20826,1
20831,1
20832,1
20833,0
20836,1
20837,0
20839,1
20840,0
20843,1
20848,1
20856,0
20859,0
20864,0
20866,0
20872,0
20873,0
20876,0
20882,0
20884,0
20885,0
20886,1
20887,1
20893,0
20899,0
20904,0
20908,0
20910,0
20918,0
20923,0
20926,1
20929,1
20942,0
20946,0
20956,0
20958,0
20961,1
20966,0
20973,0
20974,0
20975,0
20977,0
20980,0
20981,0
20992,0
20996,1
20998,0
20999,0
21007,0
21010,1
21013,0
21015,0
21016,0
21017,0
21020,1
21024,0
21045,0
21053,0
21056,0
21059,1
21060,0
21061,0
21064,0
21072,0
21078,0
21088,1
21091,0
21092,0
21094,0
21099,0
21104,0
21109,0
21115,0
21119,0
21123,1
21134,0
21146,0
21147,0
21150,1
21152,0
21165,0
21166,0
21168,0
21169,1
21179,0
21181,0
21186,0
21191,0
21195,0
21201,1
21206,0
21209,1
21214,0
21215,0
21221,0
21222,0
21225,0
21227,0
21228,0
21230,1
21233,0
21236,1
21237,0
21238,0
21240,1
21241,0
21245,0
21246,1
21247,0
21252,0
21253,1
21258,0
21261,0
21266,0
21275,0
21276,0
21277,1
21278,0
21282,1
21285,0
21287,0
21289,0
21301,0
21306,0
21308,1
21312,1
21314,0
21318,0
21319,0
21321,1
21322,0
21328,0
21331,1
21337,0
21346,0
21352,1
21359,0
21364,0
21365,0
21366,0
21367,1
21368,0
21372,0
21378,0
21390,0
21394,0
21396,1
21399,0
21401,0
21402,0
21404,0
21405,1
21410,1
21412,0
21413,1
21417,0
21419,0
21420,0
21423,0
21428,0
21429,0
21441,0
21448,0
21451,0
21455,0
21459,1
21465,1
21468,0
21471,0
21478,0
21485,0
21492,0
21509,0
21513,0
21516,1
21523,1
21524,1
21529,0
21531,0
21532,1
21536,0
21538,0
21550,1
21558,0
21564,0
21567,1
21571,1
21573,0
21575,0
21581,0
21591,0
21593,0
21602,0
21605,1
21617,0
21619,0
21625,1
21627,0
21629,0
21630,0
21631,0
21636,0
21637,0
21642,1
21646,0
21647,0
21652,0
21654,0
21657,1
21664,0
21676,0
21683,0
21690,0
21695,0
21699,0
21701,0
21707,0
21708,0
21719,0
21720,0
21724,1
21737,1
21743,0
21744,0
21746,1
21750,0
21758,0
21762,0
21770,0
21772,0
21775,0
21786,1
21787,0
21796,1
21799,1
21805,0
21816,0
21820,0
21826,1
21834,0
21835,0
21839,0
21841,0
21851,0
21854,0
21855,0
21857,0
21863,0
21866,0
21867,1
21868,0
21872,0
21874,0
21875,0
21877,0
21889,1
21890,0
21891,0
21894,0
21897,0
21898,1
21900,0
21905,1
21907,0
21910,0
21911,0
21912,0
21915,1
21919,0
21922,1
21934,1
21935,0
21942,0
21943,0
21952,0
21954,0
21956,0
21964,0
21966,0
21968,0
21970,1
21971,1
21974,0
21976,0
21977,0
21982,0
21983,0
21991,1
21992,0
22003,1
22006,0
22009,0
22010,0
22011,0
22015,0
22017,0
22019,1
22025,0
22027,0
22028,1
22034,0
22035,0
22040,1
22047,0
22053,0
22064,0
22065,0
22067,0
22068,0
22072,0
22073,0
22077,0
22081,0
22087,0
22090,1
22100,0
22102,1
22105,0
22107,0
22112,0
22117,0
22118,0
22119,0
22121,0
22123,0
22126,0
22131,0
22147,0
22158,1
22169,0
22170,0
22178,0
22181,0
22185,1
22189,0
22193,0
22196,0
22200,1
22211,0
22212,0
22213,0
22221,0
22223,0
22224,0
22231,0
22233,0
22234,1
22239,0
22241,0
22244,0
22245,1
22247,0
22250,0
22252,0
22254,0
22257,0
22259,1
22268,0
22269,0
22273,1
22279,0
22283,1
22284,0
22287,0
22288,0
22293,0
22294,1
22301,0
22303,0
22310,1
22317,0
22318,0
22320,0
22328,0
22337,0
22338,1
22341,0
22346,0
22351,0
22353,0
22360,1
22370,1
22371,0
22372,0
22377,1
22382,0
22387,0
22394,1
22401,0
22402,0
22414,0
22415,0
22422,0
22428,1
22429,1
22444,1
22449,0
22461,0
22462,1
22467,0
22478,1
22480,0
22486,0
22488,0
22498,0
22505,0
22507,0
22511,1
22517,0
22518,0
22521,0
22533,0
22538,1
22545,0
22546,1
22551,0
22557,0
22561,0
22563,0
22568,0
22570,1
22572,1
22576,1
22580,0
22583,0
22584,0
22591,1
22592,0
22597,0
22599,0
22604,0
22605,0
22607,1
22613,1
22628,0
22630,0
22631,0
22636,0
22637,0
22640,1
22641,0
22642,0
22646,0
22654,0
22655,0
22657,0
22664,0
22666,0
22668,0
22672,0
22675,0
22678,0
22679,0
22680,0
22687,0
22688,0
22691,0
22695,0
22696,0
22702,1
22703,0
22706,1
22708,0
22713,0
22715,0
22716,0
22719,0
22726,1
22731,0
22736,0
22738,0
22739,0
22754,0
22756,0
22758,0
22761,0
22762,0
22765,1
22772,0
22773,0
22774,0
22777,0
22780,0
22787,0
22795,0
22807,1
22809,0
22814,1
22820,1
22823,0
22824,0
22830,0
22831,1
22832,0
22835,0
22846,0
22855,0
22857,0
22858,0
22868,0
22869,1
22872,0
22875,0
22876,0
22877,0
22885,0
22886,0
22887,0
22890,0
22891,0
22892,0
22898,1
22899,0
22909,0
22910,0
22912,1
22919,0
22926,0
22935,1
22936,1
22937,0
22941,0
22942,0
22943,0
22945,0
22951,0
22952,0
22953,0
22955,0
22957,1
22962,0
22970,0
22977,1
22985,0
22995,1
23000,0
23015,0
23018,0
23019,0
23022,0
23023,0
23024,0
23025,0
23026,0
23028,0
23034,1
23036,0
23039,0
23040,0
23041,0
23042,0
23043,0
23054,0
23055,1
23058,0
23059,1
23062,0
23070,0
23071,1
23073,1
23076,0
23079,0
23080,0
23081,0
23086,0
23094,0
23104,0
23106,0
23107,0
23109,0
23111,0
23112,1
23116,0
23119,1
23122,1
23124,1
23125,0
23128,0
23132,1
23135,0
23136,1
23140,0
23143,0
23145,0
23150,0
23151,0
23154,0
23155,0
23159,1
23167,0
23168,0
23172,0
23173,0
23176,0
23177,0
23181,0
23188,1
23192,0
23197,0
23198,0
23199,1
23204,0
23205,1
23208,0
23214,1
23218,1
23222,0
23224,0
23227,1
23234,0
23245,0
23246,0
23251,0
23252,1
23256,1
23257,0
23271,0
23273,0
23274,0
23277,0
23285,1
23286,0
23287,0
23293,0
23298,1
23300,1
23312,1
23314,1
23315,0
23321,1
23323,0
23326,0
23332,0
23337,0
23338,0
23340,0
23346,0
23348,0
23353,0
23355,0
23356,0
23362,0
23363,0
23364,1
23368,0
23370,0
23372,1
23379,1
23386,0
23392,0
23402,0
23406,1
23408,0
23411,1
23412,0
23420,1
23422,0
23426,0
23429,0
23434,0
23435,0
23436,0
23438,0
23439,0
23441,0
23442,0
23444,1
23454,0
23455,0
23459,0
23461,1
23469,0
23472,1
23475,0
23484,0
23488,0
23491,0
23495,0
23498,0
23500,0
23503,0
23504,0
23506,1
23507,0
23508,0
23509,0
23517,0
23519,0
23526,0
23529,0
23532,0
23539,0
23547,1
23552,0
23553,1
23556,0
23557,1
23559,0
23562,0
23563,0
23573,0
23576,0
23580,1
23587,0
23588,1
23589,0
23600,0
23603,1
23605,0
23611,1
23614,0
23618,0
23619,0
23632,0
23635,1
23641,0
23642,0
23652,1
23653,0
23656,1
23665,0
23666,0
23671,0
23678,0
23681,0
23688,0
23690,0
23691,0
23693,0
23695,0
23698,0
23699,1
23711,0
23714,0
23717,0
23719,0
23726,0
23733,0
23736,1
23738,0
23741,1
23750,0
23753,1
23754,1
23755,0
23758,0
23761,0
23764,1
23770,0
23775,1
23779,0
23791,0
23793,0
23799,0
23801,0
23802,0
23805,0
23806,0
23812,0
23814,0
23835,0
23840,0
23841,0
23848,1
23851,0
23861,0
23864,0
23868,1
23872,1
23880,0
23883,0
23887,0
23892,0
23906,0
23909,1
23917,0
23922,0
23925,0
23929,0
23930,1
23949,0
23960,1
23964,0
23967,0
23974,0
23981,0
23986,0
24000,0
24003,0
24005,0
24008,0
24009,1
24010,0
24013,0
24014,0
24017,1
24020,0
24021,0
24022,0
24023,1
24027,0
24031,0
24034,1
24035,0
24043,0
24049,0
24050,0
24053,0
24054,1
24057,1
24059,0
24062,0
24063,0
24064,0
24065,1
24069,0
24071,0
24075,1
24076,0
24077,0
24080,0
24082,0
24085,0
24102,0
24110,0
24116,1
24118,0
24119,0
24120,0
24122,1
24123,1
24124,0
24126,0
24129,0
24130,1
24143,0
24146,0
24149,0
24154,0
24157,0
24159,0
24164,1
24166,0
24172,0
24180,1
24182,0
24183,0
24184,0
24185,0
24190,0
24193,0
24199,0
24200,0
24203,0
24204,1
24207,1
24217,1
24222,0
24233,0
24237,0
24240,0
24242,1
24248,0
24252,1
24255,0
24272,1
24276,0
24279,0
24280,0
24281,0
24282,1
24294,0
24295,1
24308,0
24311,0
24313,0
24314,0
24317,1
24318,1
24319,0
24321,0
24324,1
24325,0
24331,0
24334,0
24342,0
24345,1
24352,0
24355,0
24362,0
24365,0
24366,0
24367,0
24368,1
24371,0
24373,0
24381,0
24383,0
24385,1
24386,0
24387,0
24392,0
24397,0
24399,0
24400,1
24401,0
24402,0
24403,0
24406,1
24412,0
24417,1
24425,0
24426,0
24432,1
24433,0
24434,0
24438,0
24446,0
24465,0
24466,1
24469,1
24475,0
24478,0
24479,1
24480,0
24482,1
24491,0
24493,0
24502,0
24504,1
24507,1
24516,1
24521,1
24522,1
24526,0
24541,0
24548,0
24556,0
24559,0
24563,0
24566,0
24571,0
24572,0
24573,1
24574,1
24576,0
24579,0
24586,0
24594,0
24601,0
24611,0
24613,1
24616,0
24621,0
24639,0
24644,0
24649,0
24650,1
24655,1
24659,0
24663,1
24669,0
24671,1
24684,1
24688,0
24690,0
24691,0
24694,0
24695,1
24697,0
24700,0
24708,0
24710,0
24718,0
24722,0
24726,0
24727,0
24728,1
24732,0
24740,0
24741,0
24746,1
24750,0
24754,1
24758,0
24762,0
24768,0
24774,1
24779,0
24781,0
24783,1
24786,1
24787,0
24791,0
24798,0
24799,1
24800,1
24801,0
24802,0
24812,0
24816,0
24822,0
24823,1
24824,0
24826,0
24827,0
24836,0
24840,0
24842,0
24844,0
24845,1
24855,0
24869,0
24871,0
24873,0
24874,0
24884,0
24885,0
24887,0
24889,1
24890,0
24906,0
24907,0
24908,0
24911,0
24914,0
24915,0
24922,1
24927,0
24932,0
24938,1
24939,0
24944,1
24948,0
24952,1
24954,1
24955,0
24957,0
24958,1
24963,0
24965,0
24968,0
24971,1
24974,0
24975,0
24978,0
24980,1
24981,0
24983,0
24993,0
24994,0
25001,0
25005,0
25010,0
25014,0
25015,0
25022,0
25025,0
25027,0
25028,0
25036,0
25037,0
25046,0
25055,0
25057,0
25059,0
25064,1
25066,1
25071,0
25072,0
25073,1
25078,0
25079,1
25081,1
25083,0
25101,0
25102,1
25104,0
25107,0
25109,0
25111,0
25140,0
25144,1
25148,0
25150,0
25151,0
25152,0
25153,0
25158,0
25163,0
25174,0
25176,0
25195,0
25199,0
25201,1
25210,0
25211,0
25214,0
25224,0
25225,1
25227,1
25228,1
25230,0
25235,0
25236,0
25241,1
25252,0
25254,1
25256,0
25265,0
25271,0
25272,1
25274,0
25279,1
25280,1
25282,0
25283,0
25285,0
25288,0
25292,0
25297,0
25300,0
25317,0
25322,1
25323,1
25334,0
25340,0
25344,0
25350,0
25351,0
25355,0
25359,0
25363,1
25367,0
25371,0
25378,0
25382,0
25394,0
25396,0
25403,0
25405,1
25406,0
25407,1
25408,1
25422,0
25423,0
25431,0
25433,0
25434,0
25436,0
25437,0
25438,0
25440,1
25462,0
25463,0
25466,0
25471,0
25472,0
25478,0
25479,0
25482,0
25493,0
25502,0
25507,0
25509,0
25510,0
25511,0
25512,0
25518,1
25519,1
25522,0
25526,0
25529,0
25531,0
25534,0
25537,0
25541,0
25545,0
25547,0
25548,0
25552,0
25556,0
25560,0
25566,0
25567,0
25568,0
25571,0
25573,0
25575,0
25577,0
25579,1
25586,0
25594,0
25595,1
25598,1
25599,0
25605,0
25608,0
25609,0
25613,0
25614,0
25617,0
25621,1
25623,0
25624,0
25635,0
25636,0
25637,0
25638,0
25640,0
25642,0
25643,0
25644,0
25646,0
25649,0
25655,0
25663,1
25666,0
25667,0
25672,0
25673,0
25676,0
25679,0
25681,1
25690,1
25692,0
25710,0
25711,0
25713,1
25720,0
25722,1
25729,0
25731,0
25738,1
25740,0
25743,0
25748,0
25750,1
25753,0
25755,0
25757,0
25759,0
25770,1
25771,0
25772,0
25776,0
25779,1
25781,0
25785,1
25803,0
25808,0
25812,0
25819,0
25824,0
25831,1
25836,0
25837,0
25858,0
25860,0
25862,0
25865,1
25866,0
25870,1
25871,1
25887,1
25889,0
25895,0
25896,1
25906,1
25914,0
25915,0
25920,0
25922,1
25924,0
25926,0
25927,0
25938,0
25939,0
25943,0
25944,0
25945,1
25954,0
25959,0
25968,1
25969,1
25970,1
25971,1
25972,1
25975,0
25977,0
25979,0
25988,0
25990,0
25995,0
25997,0
26004,1
26007,0
26011,1
26019,0
26020,0
26021,0
26024,0
26032,0
26033,0
26035,0
26037,0
26039,0
26042,0
26048,0
26052,1
26054,0
26056,0
26059,0
26061,1
26064,1
26065,0
26071,0
26073,1
26075,0
26076,0
26077,0
26078,0
26091,0
26092,0
26100,0
26104,1
26107,0
26114,0
26117,0
26119,0
26121,0
26127,1
26128,0
26131,0
26132,0
26133,1
26134,0
26137,0
26140,0
26141,1
26154,1
26156,0
26157,0
26158,0
26160,1
26162,1
26165,0
26173,0
26175,0
26177,0
26183,0
26189,0
26200,0
26205,0
26216,0
26220,0
26222,0
26229,1
26237,0
26239,0
26246,1
26248,0
26255,0
26259,1
26261,1
26263,1
26276,1
26277,0
26279,0
26285,0
26286,0
26290,0
26291,0
26292,0
26295,0
26296,0
26300,1
26301,1
26307,1
26308,1
26313,1
26319,0
26332,0
26333,0
26337,0
26339,0
26342,0
26344,1
26347,0
26348,0
26353,1
26354,0
26357,0
26369,0
26371,0
26374,0
26375,0
26388,0
26392,0
26394,0
26409,0
26415,0
26419,0
26422,0
26430,1
26431,0
26441,0
26445,0
26448,0
26459,1
26462,0
26465,0
26466,0
26468,1
26469,0
26470,0
26472,0
26473,1
26476,0
26477,0
26481,0
26482,1
26483,0
26492,1
26499,0
26500,0
26505,0
26507,0
26516,1
26518,0
26519,1
26523,1
26526,0
26534,0
26539,0
26543,0
26545,1
26551,0
26553,0
26556,0
26559,0
26560,0
26565,0
26568,0
26570,1
26575,0
26576,1
26579,0
26582,0
26583,1
26588,1
26592,0
26594,0
26601,0
26604,1
26606,1
26607,0
26610,0
26611,0
26616,0
26621,1
26623,1
26627,0
26631,0
26640,0
26642,0
26649,0
26655,0
26656,1
26661,0
26662,0
26667,0
26669,1
26676,0
26679,0
26684,0
26687,1
26698,0
26703,0
26704,0
26706,0
26708,0
26712,0
26718,0
26720,1
26728,0
26730,0
26731,0
26734,1
26736,0
26740,1
26744,0
26746,1
26753,0
26759,0
26760,0
26761,0
26767,0
26777,0
26778,0
26781,0
26789,0
26791,0
26792,0
26794,1
26796,0
26799,0
26800,0
26809,1
26814,0
26818,0
26820,0
26822,1
26827,0
26829,0
26830,0
26833,0
26834,0
26835,0
26838,1
26844,0
26845,0
26846,1
26848,0
26849,1
26851,0
26852,0
26858,0
26859,1
26865,0
26866,0
26869,0
26880,1
26882,0
26884,0
26886,0
26887,0
26888,0
26890,0
26892,0
26898,0
26902,0
26907,1
26909,0
26917,1
26920,0
26928,1
26931,0
26940,0
26944,1
26946,0
26948,0
26952,0
26953,1
26955,0
26958,0
26959,0
26963,1
26964,0
26965,1
26970,0
26975,0
26979,1
26981,0
26983,0
26984,0
26996,0
26997,1
26999,1
27014,0
27023,1
27027,1
27030,0
27032,0
27034,0
27038,0
27043,1
27044,0
27048,1
27054,0
27061,0
27062,0
27063,0
27064,0
27068,0
27069,0
27072,0
27074,0
27082,0
27083,0
27084,1
27091,0
27098,0
27099,1
27105,1
27107,0
27109,0
27117,0
27124,0
27130,0
27135,0
27136,1
27142,0
27149,0
27151,1
27153,0
27160,0
27166,1
27168,0
27174,0
27175,0
27178,0
27182,1
27186,0
27195,1
27198,0
27200,0
27202,1
27211,0
27213,1
27214,0
27217,0
27218,0
27219,1
27221,0
27222,0
27229,0
27232,1
27234,0
27237,1
27238,0
27240,1
27249,0
27250,0
27251,0
27252,0
27256,0
27258,0
27260,0
27265,0
27267,0
27268,0
27275,0
27278,0
27279,0
27281,0
27287,1
27290,0
27307,0
27310,0
27318,1
27322,0
27327,0
27345,0
27351,1
27354,0
27356,0
27359,0
27363,0
27365,0
27370,0
27371,0
27373,0
27383,1
27397,1
27398,1
27401,0
27406,1
27409,0
27410,0
27413,0
27415,1
27430,0
27433,0
27434,0
27439,0
27440,0
27442,0
27445,0
27446,0
27447,0
27449,0
27450,0
27451,0
27453,0
27459,1
27462,1
27465,0
27467,0
27468,0
27472,0
27473,0
27476,1
27477,1
27482,0
27483,0
27484,0
27486,0
27490,0
27500,1
27507,0
27509,1
27516,0
27521,0
27524,0
27525,0
27528,0
27532,0
27534,0
27535,0
27541,0
27545,0
27546,0
27548,0
27551,0
27555,0
27561,1
27562,1
27566,0
27573,0
27574,1
27575,0
27577,1
27579,1
27583,0
27586,0
27589,0
27595,0
27598,0
27599,0
27603,0
27604,1
27605,0
27610,0
27615,0
27623,0
27630,1
27633,0
27634,0
27640,1
27641,0
27651,0
27656,0
27658,1
27662,0
27664,0
27669,0
27673,0
27687,0
27694,1
27701,0
27704,0
27707,1
27708,0
27711,1
27713,0
27716,0
27717,0
27719,0
27720,0
27722,0
27723,0
27726,0
27728,0
27729,0
27732,0
27744,0
27748,0
27750,0
27760,1
27761,0
27763,0
27769,0
27786,0
27793,1
27794,0
27799,0
27803,0
27806,0
27816,1
27817,0
27823,0
27825,1
27826,0
27828,1
27832,1
27834,0
27846,0
27848,0
27849,1
27852,0
27853,1
27854,0
27857,1
27862,0
27865,0
27871,0
27875,0
27878,0
27879,0
27881,1
27882,0
27888,0
27890,0
27894,0
27898,0
27902,0
27905,0
27909,0
27910,0
27916,0
27917,0
27920,1
27921,0
27922,0
27923,0
27932,1
27933,0
27935,1
27937,0
27943,0
27951,0
27954,0
27957,0
27959,0
27960,0
27969,0
27977,1
27991,0
27993,1
28002,1
28005,0
28011,0
28022,0
28024,0
28028,0
28029,0
28034,1
28035,0
28037,0
28039,0
28045,0
28058,1
28059,0
28062,0
28063,0
28064,1
28065,0
28068,0
28069,0
28074,0
28078,0
28081,0
28083,1
28085,0
28092,0
28096,1
28110,0
28115,0
28121,1
28128,1
28132,0
28136,0
28138,1
28139,0
28140,0
28141,0
28146,0
28150,0
28153,1
28156,0
28159,0
28160,0
28164,1
28165,0
28169,0
28174,1
28181,0
28188,0
28190,0
28194,0
28196,0
28200,0
28205,0
28208,0
28210,0
28212,0
28215,0
28217,0
28218,0
28219,0
28223,1
28225,1
28226,0
28235,0
28242,0
28246,1
28248,0
28249,0
28250,1
28256,0
28260,0
28266,0
28269,1
28270,1
28273,1
28276,0
28277,1
28278,1
28279,0
28280,0
28292,1
28293,0
28296,1
28301,1
28310,0
28316,0
28321,0
28322,0
28323,0
28326,0
28331,0
28337,0
28338,1
28344,0
28348,0
28351,0
28352,1
28361,0
28362,0
28365,1
28371,0
28380,0
28384,0
28388,1
28393,0
28394,0
28396,0
28397,0
28402,1
28407,0
28413,0
28420,0
28421,0
28422,1
28423,1
28426,0
28430,0
28444,0
28446,0
28449,1
28451,0
28457,0
28459,0
28460,0
28461,1
28462,1
28466,0
28469,0
28470,0
28472,1
28475,0
28482,0
28483,0
28488,0
28490,0
28492,0
28493,0
28498,0
28500,0
28503,0
28505,0
28506,0
28508,1
28509,0
28513,0
28516,0
28518,0
28532,0
28543,1
28547,0
28550,0
28551,1
28562,0
28565,0
28571,1
28576,0
28578,0
28579,0
28585,0
28589,1
28597,1
28599,1
28609,0
28614,0
28637,0
28639,1
28644,0
28650,1
28653,1
28656,0
28658,0
28661,0
28665,0
28666,0
28667,0
28670,0
28672,0
28674,1
28681,0
28695,0
28696,1
28707,0
28713,0
28719,0
28726,0
28731,0
28735,0
28738,0
28747,0
28749,1
28750,0
28751,0
28752,0
28759,1
28761,0
28763,0
28767,1
28770,0
28771,0
28775,1
28776,0
28778,0
28784,0
28785,1
28789,0
28791,0
28792,0
28794,0
28799,0
28806,0
28813,0
28819,0
28822,0
28825,0
28832,0
28833,0
28836,0
28837,0
28842,0
28844,0
28846,0
28850,0
28857,0
28860,1
28868,0
28875,0
28876,0
28878,1
28879,0
28880,0
28881,0
28889,1
28890,0
28892,0
28893,1
28898,0
28900,0
28901,0
28905,0
28908,0
28909,0
28910,0
28912,0
28919,1
28920,0
28923,0
28924,1
28932,1
28939,1
28947,0
28951,0
28952,0
28954,0
28958,0
28960,0
28964,0
28976,0
28979,0
28994,0
29000,1
29005,1
29007,0
29010,0
29011,0
29013,0
29016,0
29018,0
29029,0
29030,0
29033,0
29035,0
29038,0
29049,0
29055,0
29057,0
29064,0
29065,0
29071,0
29074,0
29076,0
29084,0
29086,0
29092,0
29098,1
29101,0
29105,1
29110,0
29120,1
29132,0
29134,0
29141,0
29147,0
29148,1
29159,1
29161,0
29165,0
29177,1
29182,0
29184,0
29190,0
29194,1
29202,0
29206,0
29207,0
29210,0
29211,0
29213,0
29219,0
29221,1
29228,0
29236,0
29239,0
29243,0
29248,0
29250,0
29251,1
29253,0
29255,0
29263,0
29266,0
29269,0
29273,0
29276,0
29281,0
29284,0
29285,0
29298,1
29302,1
29304,1
29305,0
29308,1
29313,0
29319,0
29322,0
29325,0
29329,0
29335,0
29336,0
29342,0
29352,0
29358,0
29359,0
29370,1
29373,0
29375,0
29382,1
29383,1
29385,0
29387,0
29390,0
29392,0
29401,0
29411,1
29412,1
29416,0
29419,0
29422,0
29426,0
29428,0
29430,1
29431,1
29446,0
29451,1
29455,0
29461,0
29464,0
29473,0
29474,1
29476,0
29477,0
29478,0
29490,1
29506,0
29511,1
29513,1
29521,0
29526,0
29534,1
29537,0
29539,0
29540,1
29542,1
29544,1
29545,1
29547,0
29555,0
29560,0
29561,0
29568,0
29575,0
29581,1
29583,0
29584,0
29585,0
29589,0
29594,0
29595,1
29598,1
29599,0
29603,0
29604,0
29608,0
29614,1
29615,1
29618,0
29622,0
29629,1
29631,0
29632,1
29660,1
29666,0
29679,0
29680,0
29682,0
29683,0
29684,1
29689,0
29707,1
29716,1
29720,0
29734,0
29738,0
29741,0
29742,0
29744,0
29757,0
29758,1
29765,0
29767,0
29769,0
29781,0
29785,0
29787,0
29791,0
29805,0
29808,0
29812,0
29813,0
29815,1
29816,0
29817,0
29818,1
29819,0
29826,1
29827,0
29829,0
29830,0
29833,0
29836,1
29837,0
29845,1
29853,1
29855,1
29859,0
29860,0
29861,0
29865,0
29869,0
29873,0
29874,0
29876,1
29877,0
29878,0
29880,0
29885,1
29890,0
29893,1
29894,0
29896,0
29898,0
29902,0
29903,1
29904,0
29905,0
29909,0
29911,0
29912,0
29921,0
29922,0
29923,0
29926,0
29931,0
29932,0
29933,0
29935,0
29936,0
29939,0
29941,0
29956,0
29957,0
29958,1
29960,0
29967,0
29971,0
29982,0
29983,1
29984,0
29985,0
29987,0
29989,1
29990,0
29991,0
29995,1
29997,0
30003,0
30008,0
30014,1
30020,1
30024,0
30029,0
30032,0
30042,1
30047,0
30052,0
30057,1
30065,0
30072,0
30074,0
30075,0
30077,0
30081,1
30082,0
30084,1
30088,1
30105,0
30110,1
30111,0
30113,0
30117,1
30124,0
30136,0
30144,0
30149,0
30156,1
30157,0
30158,0
30161,0
30164,0
30165,0
30171,0
30174,1
30176,1
30180,0
30181,0
30190,0
30198,1
30202,0
30220,1
30223,0
30225,0
30230,0
30231,0
30235,1
30237,0
30238,1
30241,0
30242,0
30245,0
30248,0
30253,0
30259,1
30262,1
30264,1
30265,0
30267,0
30268,0
30270,0
30274,0
30275,1
30276,0
30277,1
30283,0
30291,0
30295,0
30298,0
30310,1
30311,1
30320,0
30323,0
30324,1
30328,0
30334,0
30337,0
30339,0
30341,0
30346,0
30347,0
30350,0
30355,1
30360,0
30366,1
30367,0
30370,0
30372,0
30373,0
30374,1
30378,0
30380,1
30388,0
30397,0
30398,0
30410,0
30412,1
30418,0
30422,0
30424,1
30432,0
30439,0
30440,0
30449,0
30451,0
30452,1
30455,0
30459,0
30460,1
30479,0
30483,1
30484,1
30489,1
30493,0
30500,0
30503,0
30516,0
30520,0
30522,0
30526,0
30527,0
30528,0
30537,1
30545,1
30549,1
30551,0
30555,0
30558,1
30560,0
30562,0
30570,0
30577,0
30580,0
30582,1
30583,0
30584,0
30588,0
30594,0
30602,0
30603,1
30610,0
30612,1
30616,1
30622,0
30623,1
30624,0
30629,0
30630,1
30637,0
30643,0
30657,1
30658,1
30665,0
30668,0
30671,0
30674,0
30675,1
30676,0
30682,0
30695,0
30696,1
30697,0
30699,1
30701,0
30705,0
30710,1
30711,0
30718,1
30725,0
30726,1
30727,0
30729,0
30731,1
30735,1
30738,0
30740,0
30743,0
30744,0
30749,0
30755,0
30759,0
30760,0
30762,0
30765,0
30766,0
30774,0
30786,0
30787,1
30795,0
30796,0
30797,0
30798,1
30802,0
30806,0
30812,0
30819,0
30821,0
30825,0
30831,0
30832,0
30833,0
30837,0
30839,1
30840,0
30842,0
30843,0
30844,0
30858,0
30862,1
30866,0
30870,0
30871,1
30875,0
30876,0
30885,0
30889,0
30890,0
30896,0
30899,0
30900,0
30906,0
30907,0
30912,0
30913,0
30914,0
30921,0
30926,0
30928,0
30929,0
30931,0
30934,0
30940,0
30943,0
30948,1
30949,0
30951,1
30965,0
30968,0
30978,0
30980,0
30983,0
30986,0
30987,0
30989,0
30990,0
30991,0
30995,1
30997,0
30999,0
31002,0
31005,1
31007,1
31008,0
31014,1
31017,0
31027,0
31029,1
31030,1
31031,0
31036,0
31042,0
31046,0
31048,0
31051,0
31052,0
31053,0
31056,1
31060,0
31062,1
31064,0
31070,0
31073,1
31077,0
31081,0
31085,1
31093,0
31094,0
31096,0
31097,0
31102,1
31103,0
31107,0
31109,0
31110,0
31120,0
31126,0
31136,0
31138,0
31139,1
31143,0
31145,1
31153,0
31158,0
31162,0
31165,1
31166,1
31174,0
31177,0
31179,0
31180,0
31181,0
31183,0
31184,0
31187,0
31193,0
31197,0
31202,0
31205,1
31208,0
31214,0
31217,0
31224,0
31229,0
31242,0
31246,1
31249,0
31256,1
31261,1
31266,0
31267,0
31269,1
31278,0
31281,0
31282,0
31289,0
31290,0
31291,1
31293,1
31297,0
31299,0
31300,1
31303,1
31304,0
31312,0
31316,0
31317,0
31318,0
31323,0
31324,1
31326,0
31335,0
31339,0
31342,0
31350,0
31351,0
31352,0
31356,0
31358,0
31365,0
31368,1
31374,1
31376,1
31377,0
31378,0
31379,0
31380,0
31383,1
31389,1
31390,0
31399,0
31401,0
31404,0
31407,0
31410,0
31411,0
31421,0
31423,0
31425,0
31426,1
31433,0
31436,0
31438,0
31440,0
31442,0
31443,1
31445,0
31449,0
31463,0
31469,0
31470,0
31473,0
31474,0
31486,0
31490,0
31498,0
31502,0
31507,0
31508,0
31511,1
31532,1
31539,0
31540,1
31545,0
31546,0
31547,0
31548,1
31557,1
31565,0
31567,0
31570,0
31572,0
31578,0
31588,1
31607,0
31608,1
31609,0
31611,1
31614,1
31618,0
31619,0
31620,0
31624,0
31625,0
31628,0
31632,0
31638,0
31639,1
31640,1
31645,1
31659,0
31666,0
31678,0
31681,0
31684,1
31686,1
31688,1
31692,1
31696,0
31698,0
31699,0
31700,0
31702,0
31707,0
31708,1
31710,0
31713,0
31718,0
31719,0
31720,0
31723,0
31724,0
31734,0
31741,0
31749,0
31751,0
31754,0
31755,0
31757,0
31771,0
31772,0
31778,0
31779,1
31783,0
31789,1
31792,0
31795,0
31796,0
31803,0
31814,1
31819,0
31821,0
31823,1
31824,0
31825,0
31826,0
31829,0
31835,0
31836,0
31837,1
31838,0
31840,1
31841,0
31844,0
31846,0
31850,0
31857,0
31866,0
31867,1
31868,0
31876,0
31878,0
31883,1
31886,0
31890,0
31893,1
31895,1
31898,0
31905,0
31913,1
31919,0
31921,0
31922,0
31923,0
31925,0
31931,0
31932,0
31933,1
31940,0
31948,0
31953,0
31954,0
31957,0
31959,0
31960,0
31961,0
31962,0
31963,0
31966,0
31975,0
31980,1
31983,0
31987,1
31989,1
31995,0
32002,0
32003,0
32005,0
32007,0
32015,1
32016,0
32021,0
32035,0
32037,0
32044,0
32050,0
32051,0
32054,0
32057,1
32060,0
32061,1
32062,0
32066,0
32071,1
32073,0
32076,0
32084,0
32086,0
32090,0
32091,0
32096,1
32097,0
32099,1
32103,1
32107,0
32109,0
32112,0
32115,0
32116,1
32117,0
32120,1
32127,0
32130,0
32131,0
32136,0
32142,0
32148,0
32152,1
32154,0
32159,0
32166,0
32172,0
32173,0
32176,0
32179,1
32189,1
32190,0
32194,1
32200,0
32201,0
32205,0
32210,0
32216,0
32224,0
32226,0
32227,0
32232,1
32236,0
32239,0
32240,0
32252,0
32257,0
32259,0
32280,0
32284,0
32286,0
32291,0
32292,1
32295,1
32298,0
32310,0
32314,0
32315,0
32316,1
32326,1
32330,0
32333,0
32335,0
32344,1
32345,1
32348,1
32349,0
32351,0
32354,0
32355,0
32358,0
32359,0
32363,0
32366,0
32380,0
32385,0
32386,0
32387,0
32391,0
32396,0
32397,0
32399,1
32401,1
32405,0
32414,0
32416,1
32418,0
32419,0
32422,1
32428,0
32434,0
32435,1
32436,0
32438,0
32449,0
32451,0
32452,1
32454,1
32456,0
32457,0
32469,0
32472,0
32474,0
32479,0
32486,0
32490,0
32505,0
32508,0
32510,0
32512,0
32515,0
32517,1
32519,0
32523,0
32535,0
32540,1
32544,0
32545,0
32549,0
32550,0
32557,0
32558,0
32571,0
32577,0
32580,0
32581,0
32583,1
32590,0
32600,0
32633,0
32636,0
32639,0
32641,0
32642,0
32645,0
32653,0
32654,0
32655,0
32656,0
32659,0
32667,0
32668,0
32674,0
32678,1
32679,0
32680,0
32682,1
32688,0
32699,0
32701,0
32705,1
32710,1
32714,0
32715,1
32720,0
32723,0
32727,0
32731,0
32734,1
32739,0
32744,0
32755,0
32759,0
32761,0
32763,0
32764,0
32768,0
32771,1
32774,0
32778,0
32802,1
32803,0
32805,0
32808,1
32809,0
32810,0
32814,0
32817,1
32824,0
32831,1
32832,0
32838,0
32863,1
32872,0
32876,1
32883,1
32886,0
32888,1
32889,0
32891,0
32895,0
32905,0
32921,0
32924,0
32928,1
32930,0
32942,0
32946,0
32947,0
32954,0
32959,0
32967,0
32978,0
32983,1
32985,1
32987,0
32989,0
32994,1
32995,0
33000,1
33001,0
33002,1
33003,0
33011,0
33013,0
33021,0
33023,1
33025,0
33032,0
33043,1
33046,1
33049,1
33054,0
33056,0
33063,0
33065,1
33069,0
33073,0
33080,1
33098,0
33101,0
33103,0
33104,0
33105,0
33106,0
33107,0
33108,0
33112,0
33114,0
33117,1
33118,0
33120,0
33124,0
33130,0
33136,0
33137,0
33140,0
33141,0
33144,0
33152,0
33153,1
33158,0
33161,0
33163,0
33178,0
33183,0
33186,0
33188,0
33191,0
33193,1
33210,0
33215,0
33219,0
33228,0
33229,0
33233,1
33234,0
33246,1
33248,0
33250,0
33258,0
33263,0
33266,0
33267,0
33274,0
33275,0
33298,0
33303,0
33307,0
33311,1
33314,0
33315,0
33322,1
33324,1
33335,0
33343,0
33344,1
33349,0
33354,0
33356,0
33357,0
33365,0
33367,1
33370,0
33372,1
33373,0
33375,0
33378,0
33381,0
33388,0
33391,0
33394,0
33396,0
33400,1
33411,0
33414,0
33419,1
33420,0
33424,0
33428,0
33434,0
33436,0
33448,0
33449,1
33457,0
33471,1
33474,0
33478,0
33481,0
33487,0
33488,0
33489,0
33491,0
33496,0
33497,1
33504,0
33512,0
33517,0
33518,0
33524,0
33529,1
33532,0
33541,0
33542,0
33546,0
33550,0
33552,1
33555,1
33561,1
33562,0
33564,0
33566,0
33576,0
33582,1
33586,0
33591,0
33595,0
33596,1
33601,0
33603,0
33605,0
33607,1
33609,1
33611,0
33618,0
33619,0
33627,0
33633,0
33637,0
33638,0
33640,0
33644,1
33647,1
33648,1
33652,1
33654,0
33657,0
33659,0
33662,0
33669,0
33670,0
33682,0
33685,1
33690,0
33704,1
33715,0
33716,0
33722,0
33723,0
33733,0
33737,0
33739,0
33740,1
33743,0
33747,0
33757,0
33766,0
33769,0
33783,1
33786,1
33790,1
33794,1
33796,1
33798,1
33802,1
33804,0
33807,1
33809,0
33810,0
33811,0
33812,0
33821,0
33833,0
33834,0
33837,0
33838,0
33839,0
33843,0
33848,0
33849,0
33854,0
33856,0
33860,1
33862,0
33867,1
33869,0
33875,0
33876,0
33877,0
33879,0
33883,1
33885,0
33887,1
33889,1
33900,1
33903,0
33905,0
33908,1
33912,1
33915,0
33920,1
33926,0
33927,0
33929,0
33932,0
33951,0
33965,0
33971,0
33972,0
33976,0
33980,0
33982,0
33984,0
33985,0
33991,0
33995,0
34001,1
34007,0
34011,0
34014,0
34017,0
34020,0
34022,1
34024,0
34025,1
34027,0
34037,0
34040,1
34046,1
34047,0
34052,0
34053,0
34055,0
34056,0
34057,0
34058,0
34059,0
34061,0
34067,0
34070,1
34075,0
34077,0
34084,0
34088,1
34090,0
34095,0
34096,0
34098,0
34101,0
34102,0
34106,0
34112,0
34115,0
34116,0
34117,0
34120,0
34128,0
34129,1
34139,1
34140,0
34150,1
34152,0
34155,0
34158,0
34159,1
34165,0
34167,0
34170,1
34171,1
34172,1
34176,0
34182,0
34184,0
34187,0
34191,0
34195,1
34198,0
34202,0
34209,0
34216,0
34219,0
34226,0
34227,0
34229,0
34231,1
34237,0
34242,0
34250,0
34253,0
34257,0
34262,1
34265,0
34266,0
34274,0
34280,0
34281,0
34283,1
34296,1
34300,0
34302,0
34307,0
34308,0
34310,0
34311,0
34314,0
34317,0
34333,0
34337,0
34338,0
34341,0
34342,0
34343,0
34345,1
34346,1
34351,0
34360,0
34363,1
34366,0
34369,1
34371,0
34372,0
34373,0
34375,0
34376,0
34385,0
34388,1
34394,1
34402,0
34403,1
34406,0
34408,1
34410,0
34414,1
34415,0
34416,0
34424,1
34426,1
34433,0
34435,1
34441,1
34444,1
34452,0
34453,1
34455,0
34456,0
34459,0
34460,0
34466,0
34467,0
34475,0
34476,0
34481,1
34494,0
34495,1
34496,0
34498,1
34500,1
34502,0
34507,0
34508,0
34510,0
34513,0
34516,1
34519,0
34520,1
34526,0
34529,1
34536,0
34539,0
34542,0
34544,0
34550,1
34557,0
34571,0
34575,1
34578,0
34586,1
34587,1
34594,0
34597,0
34599,0
34601,0
34611,0
34614,0
34615,0
34619,1
34621,0
34622,0
34623,1
34630,0
34643,0
34646,0
34647,0
34652,0
34653,0
34654,0
34655,0
34657,1
34667,0
34670,1
34681,0
34682,0
34684,0
34688,0
34690,1
34693,0
34705,1
34715,0
34717,0
34718,0
34719,0
34721,0
34722,0
34727,0
34729,0
34730,1
34731,0
34733,0
34734,1
34735,0
34736,1
34738,1
34743,0
34748,0
34753,1
34760,0
34765,1
34769,1
34773,0
34778,0
34786,1
34788,1
34792,0
34794,1
34810,0
34815,1
34816,0
34822,0
34824,0
34830,0
34836,1
34841,0
34845,1
34848,1
34849,0
34851,0
34856,0
34859,0
34862,0
34864,0
34865,0
34870,1
34871,0
34876,0
34886,0
34889,0
34890,0
34891,0
34895,0
34896,0
34897,0
34903,0
34908,1
34909,0
34914,1
34917,0
34924,0
34926,0
34934,0
34936,0
34938,0
34941,0
34948,0
34957,1
34961,0
34962,0
34966,1
34968,0
34969,0
34974,0
34975,1
34976,0
34977,0
34982,0
34988,0
34990,1
34993,0
35024,0
35027,0
35034,0
35036,0
35051,0
35053,1
35077,0
35080,0
35083,0
35084,0
35091,0
35104,0
35108,0
35117,1
35125,0
35128,0
35132,0
35134,0
35137,1
35140,0
35141,0
35146,0
35147,1
35150,0
35153,0
35164,1
35165,1
35168,0
35186,1
35187,0
35192,0
35195,0
35198,0
35205,0
35206,1
35210,0
35214,0
35215,0
35219,0
35223,0
35227,1
35229,1
35232,0
35234,0
35235,0
35247,1
35251,0
35254,0
35258,0
35260,0
35261,0
35262,0
35263,0
35264,1
35265,1
35270,0
35272,0
35283,0
35286,1
35308,0
35311,1
35312,0
35315,1
35319,0
35321,1
35322,0
35323,0
35330,0
35335,0
35343,0
35345,1
35347,0
35351,0
35352,0
35358,1
35361,1
35363,0
35365,0
35368,0
35370,1
35372,0
35376,0
35382,0
35385,0
35386,1
35388,0
35392,0
35397,0
35401,0
35409,0
35411,0
35415,0
35417,0
35420,1
35422,1
35434,0
35442,0
35445,0
35448,0
35454,0
35456,1
35457,0
35464,0
35467,1
35468,0
35473,1
35475,0
35484,0
35487,0
35491,0
35493,0
35494,0
35508,1
35517,1
35524,0
35525,0
35527,0
35528,0
35532,0
35536,0
35537,0
35544,1
35546,0
35550,0
35561,0
35563,1
35566,0
35569,1
35570,0
35576,1
35578,0
35581,0
35583,0
35587,0
35589,0
35590,1
35591,1
35594,0
35595,1
35600,0
35601,0
35605,0
35606,0
35612,0
35613,0
35622,0
35626,0
35633,0
35639,1
35641,0
35650,0
35652,1
35654,0
35656,1
35657,0
35660,0
35664,0
35667,0
35673,0
35674,0
35677,0
35678,0
35682,1
35683,0
35685,0
35687,1
35689,0
35690,0
35692,0
35701,1
35702,0
35703,0
35707,1
35713,0
35716,0
35718,0
35720,1
35721,1
35727,0
35728,1
35738,0
35746,1
35753,0
35754,0
35755,0
35758,0
35760,0
35767,0
35778,0
35786,0
35796,0
35811,0
35814,0
35816,1
35824,0
35826,1
35827,1
35829,0
35832,0
35837,0
35843,1
35844,0
35845,0
35848,0
35861,0
35864,0
35867,0
35870,1
35874,1
35877,1
35879,0
35883,0
35901,0
35902,0
35905,0
35908,0
35912,0
35914,0
35916,0
35917,1
35919,1
35928,0
35929,0
35933,1
35942,0
35945,0
35955,0
35962,0
35969,0
35972,0
35977,0
35986,0
35988,0
35989,0
35990,1
35991,0
35996,0
36000,0
36009,1
36011,0
36012,0
36013,0
36023,0
36025,0
36026,0
36027,1
36031,1
36032,0
36041,0
36043,0
36050,0
36052,1
36053,0
36061,1
36066,0
36074,1
36075,0
36077,0
36092,0
36097,0
36098,0
36099,0
36101,1
36104,0
36107,0
36108,1
36110,0
36111,1
36113,0
36117,0
36123,1
36128,0
36129,0
36131,1
36140,1
36142,0
36146,0
36149,0
36151,0
36152,0
36153,0
36168,0
36178,0
36181,0
36186,0
36191,1
36193,0
36194,0
36197,0
36204,0
36207,0
36208,0
36209,0
36211,0
36223,1
36225,0
36232,0
36246,0
36250,0
36255,0
36262,0
36264,0
36268,0
36277,0
36278,0
36296,0
36300,0
36302,0
36305,0
36308,0
36311,1
36314,1
36315,0
36316,0
36320,0
36321,0
36327,1
36329,0
36333,0
36341,0
36346,0
36349,0
36352,0
36355,0
36361,0
36373,0
36374,0
36376,0
36382,0
36396,0
36398,0
36407,1
36411,1
36412,0
36413,1
36416,0
36420,0
36423,0
36447,0
36449,0
36451,0
36454,1
36459,0
36460,0
36461,1
36471,0
36472,0
36477,1
36481,0
36487,0
36490,0
36491,0
36498,1
36504,0
36510,0
36517,0
36520,0
36522,0
36526,0
36530,0
36535,0
36537,1
36539,1
36541,1
36544,0
36546,1
36547,0
36553,0
36555,0
36560,1
36565,0
36570,0
36572,0
36574,0
36583,1
36589,0
36590,0
36597,0
36606,0
36607,0
36608,0
36614,0
36618,0
36619,0
36627,1
36630,0
36634,1
36641,1
36645,0
36646,0
36653,0
36656,0
36658,0
36661,0
36669,0
36672,1
36673,0
36680,0
36683,1
36684,0
36689,0
36696,1
36699,1
36705,0
36706,0
36713,0
36716,0
36717,0
36721,1
36729,1
36730,0
36739,0
36740,1
36742,0
36749,0
36752,0
36753,0
36754,0
36755,0
36758,0
36760,0
36766,0
36768,0
36769,0
36770,1
36787,0
36792,0
36793,0
36795,0
36797,0
36801,0
36802,0
36805,0
36812,0
36817,0
36819,0
36821,1
36822,0
36829,0
36835,0
36836,1
36838,0
36843,1
36845,0
36846,0
36849,0
36850,0
36851,1
36854,0
36858,1
36871,0
36874,0
36876,0
36883,0
36888,1
36895,1
36899,0
36905,0
36911,0
36914,1
36916,0
36918,0
36924,0
36927,1
36930,1
36932,1
36934,1
36938,0
36942,0
36943,0
36954,0
36961,0
36963,0
36964,0
36966,0
36969,0
36974,0
36977,0
36990,0
36993,0
36994,0
36997,0
36999,0
37004,0
37009,0
37014,1
37017,0
37018,0
37022,0
37028,0
37032,0
37034,0
37038,0
37039,0
37045,0
37048,0
37050,0
37053,0
37054,1
37055,0
37056,0
37059,0
37063,0
37065,0
37068,0
37072,0
37083,0
37088,0
37090,0
37093,1
37096,0
37100,0
37102,0
37107,0
37108,1
37118,0
37120,0
37122,0
37128,0
37129,1
37143,0
37146,0
37155,0
37156,1
37162,0
37166,0
37169,0
37171,1
37178,0
37183,0
37185,0
37195,0
37197,1
37200,0
37205,0
37206,1
37208,0
37212,0
37217,0
37219,0
37221,0
37222,0
37227,0
37237,0
37238,0
37255,0
37259,0
37260,0
37261,0
37263,0
37267,0
37270,0
37273,0
37275,1
37278,1
37279,0
37283,0
37286,0
37288,0
37289,0
37290,0
37292,0
37307,0
37313,1
37316,0
37318,0
37319,0
37321,0
37322,0
37333,0
37343,1
37344,1
37346,0
37355,0
37362,0
37363,1
37365,1
37371,0
37386,0
37388,0
37389,1
37393,0
37397,1
37398,0
37400,0
37401,0
37402,0
37404,1
37405,0
37407,0
37418,0
37420,0
37421,1
37422,0
37429,0
37432,0
37439,1
37443,0
37446,1
37455,0
37460,0
37463,0
37467,0
37468,0
37470,0
37471,1
37476,1
37481,0
37482,0
37483,0
37487,0
37493,0
37494,1
37501,1
37505,0
37519,0
37522,0
37525,0
37541,1
37544,0
37546,0
37553,0
37554,0
37563,0
37568,0
37571,1
37573,0
37574,0
37579,0
37582,0
37583,0
37594,0
37597,0
37602,1
37608,0
37609,0
37610,0
37614,0
37615,0
37616,0
37619,0
37622,0
37643,0
37646,1
37648,0
37650,0
37651,0
37656,0
37661,0
37668,1
37669,0
37674,0
37675,0
37677,0
37678,0
37679,0
37680,0
37692,0
37698,0
37699,0
37703,0
37705,0
37710,1
37713,0
37716,0
37719,0
37728,0
37729,1
37731,0
37732,0
37735,1
37736,0
37739,0
37741,1
37752,0
37760,0
37767,0
37773,1
37774,0
37776,0
37779,0
37780,1
37781,0
37782,0
37785,0
37786,0
37787,1
37789,1
37790,1
37801,0
37804,0
37806,0
37812,0
37818,1
37824,0
37827,0
37835,0
37836,0
37851,0
37852,1
37853,0
37855,0
37859,0
37863,0
37866,1
37872,0
37873,0
37874,1
37876,0
37884,0
37890,0
37891,1
37894,0
37900,0
37901,1
37902,0
37903,0
37909,0
37914,0
37915,1
37919,0
37920,0
37923,1
37924,0
37930,0
37936,1
37937,1
37940,1
37944,0
37956,1
37959,0
37964,0
37966,1
37969,0
37979,0
37981,0
37983,0
37988,0
37991,0
37995,1
37996,0
37998,0
37999,0
38001,0
38002,0
38007,1
38011,0
38016,0
38017,0
38020,0
38027,0
38029,0
38033,1
38036,0
38053,0
38055,1
38060,1
38062,0
38064,0
38076,0
38082,0
38086,0
38093,1
38095,0
38097,1
38099,0
38102,0
38108,0
38111,0
38114,0
38116,0
38117,0
38120,0
38124,0
38135,0
38145,1
38149,1
38150,0
38152,0
38153,1
38158,1
38161,1
38178,1
38179,0
38187,0
38192,0
38195,0
38198,1
38199,0
38204,0
38206,1
38217,0
38220,0
38221,1
38230,0
38234,0
38244,1
38246,0
38256,0
38259,0
38261,0
38263,0
38269,0
38275,1
38277,0
38279,1
38280,0
38284,0
38287,0
38291,0
38292,0
38293,1
38301,1
38302,0
38306,0
38307,1
38312,0
38315,0
38319,0
38326,1
38327,0
38329,0
38343,0
38344,0
38347,0
38353,0
38356,0
38357,0
38361,0
38362,0
38368,0
38369,0
38371,0
38374,0
38375,0
38377,0
38378,1
38380,0
38384,0
38387,1
38390,0
38391,0
38392,0
38408,0
38410,1
38423,0
38425,0
38426,0
38428,0
38431,1
38432,0
38434,0
38435,0
38436,1
38438,0
38439,0
38440,0
38445,0
38447,0
38456,0
38463,1
38475,0
38479,0
38480,0
38484,1
38486,0
38487,0
38497,0
38499,1
38501,0
38502,0
38507,1
38512,0
38517,0
38527,0
38530,0
38532,0
38533,0
38535,1
38540,0
38541,0
38547,0
38555,1
38561,0
38562,0
38563,0
38564,0
38565,0
38566,1
38570,0
38580,0
38583,1
38585,0
38586,0
38587,0
38593,0
38594,0
38597,0
38598,0
38600,0
38604,0
38607,0
38608,0
38610,0
38617,0
38621,0
38625,0
38630,0
38637,0
38649,0
38653,0
38656,1
38662,1
38666,0
38669,0
38675,0
38680,0
38686,0
38687,1
38689,0
38690,1
38692,0
38710,1
38712,1
38719,1
38726,0
38732,0
38742,0
38743,1
38744,0
38749,0
38754,0
38758,1
38759,0
38761,0
38765,0
38766,0
38767,0
38773,1
38775,1
38778,0
38781,0
38784,0
38787,0
38789,0
38795,0
38797,0
38798,0
38801,0
38803,0
38809,1
38811,0
38812,0
38814,0
38822,1
38831,0
38836,0
38837,0
38840,1
38841,0
38843,1
38844,1
38846,1
38848,0
38851,0
38853,1
38855,0
38864,0
38870,0
38871,0
38874,1
38880,0
38882,0
38891,0
38896,0
38899,0
38901,0
38903,0
38904,1
38910,0
38915,1
38918,0
38923,0
38925,0
38930,1
38936,0
38938,0
38940,1
38943,0
38945,1
38947,0
38950,0
38956,0
38957,0
38971,0
38972,0
38979,0
38985,0
38989,0
38992,1
38999,0
39001,1
39002,0
39003,0
39008,0
39009,1
39014,0
39018,1
39019,0
39021,1
39024,1
39028,0
39029,0
39031,0
39035,0
39037,0
39040,0
39054,0
39064,1
39065,0
39069,0
39073,0
39078,0
39083,0
39084,0
39085,0
39089,0
39090,0
39094,0
39097,0
39099,1
39102,0
39103,1
39105,0
39106,0
39111,1
39112,0
39113,1
39117,0
39123,0
39124,0
39130,0
39133,0
39135,0
39140,0
39144,0
39145,0
39151,0
39155,0
39166,0
39167,1
39174,0
39176,0
39179,0
39180,0
39181,0
39184,1
39185,0
39186,0
39190,0
39196,1
39199,0
39205,1
39207,1
39212,0
39215,0
39216,0
39219,0
39221,1
39225,0
39227,0
39229,1
39230,0
39231,0
39233,0
39235,0
39237,1
39246,0
39247,0
39248,1
39249,0
39254,0
39257,0
39260,1
39265,0
39270,1
39272,0
39274,0
39282,0
39287,1
39289,0
39290,0
39305,1
39309,0
39318,1
39320,0
39325,0
39327,0
39328,0
39329,1
39333,0
39336,0
39338,0
39339,0
39340,1
39341,0
39344,1
39345,0
39355,0
39356,0
39357,0
39359,0
39361,0
39362,0
39367,0
39372,1
39373,0
39377,0
39385,1
39386,0
39393,0
39396,0
39406,0
39408,0
39411,0
39412,1
39413,1
39415,0
39418,0
39429,1
39433,0
39435,0
39441,0
39453,0
39466,0
39480,1
39505,1
39507,0
39519,0
39522,0
39540,0
39552,0
39554,0
39555,1
39561,0
39569,0
39571,0
39573,0
39575,0
39579,0
39582,0
39588,0
39591,1
39595,0
39600,0
39605,0
39608,1
39614,0
39621,0
39624,1
39625,0
39628,0
39629,0
39631,0
39632,1
39636,0
39639,0
39641,0
39649,0
39651,0
39657,0
39671,0
39672,0
39676,0
39679,1
39683,0
39686,0
39688,1
39693,0
39694,0
39698,0
39699,0
39702,1
39703,1
39707,0
39710,1
39712,0
39716,0
39717,0
39718,1
39719,0
39730,0
39731,0
39734,0
39737,0
39740,0
39744,0
39746,0
39747,0
39752,0
39762,0
39764,0
39768,0
39770,0
39772,1
39775,1
39784,0
39785,1
39790,0
39792,0
39793,1
39797,0
39798,1
39799,0
39806,0
39807,0
39815,0
39820,0
39831,0
39832,0
39837,0
39838,0
39841,0
39843,0
39844,0
39848,0
39856,0
39859,0
39860,1
39862,0
39865,0
39869,0
39892,0
39897,0
39899,0
39904,0
39917,0
39939,0
39943,0
39945,0
39946,0
39949,0
39950,0
39956,0
39957,0
39963,0
39966,0
39973,0
39975,0
39980,0
39981,0
39982,0
39985,1
39987,1
39989,1
39996,1
40004,0
40009,0
40016,0
40017,1
40019,0
40025,0
40028,0
40030,1
40032,1
40033,0
40037,0
40038,0
40043,0
40052,1
40061,0
40062,0
40075,0
40076,0
40088,1
40095,0
40097,0
40100,0
40110,0
40113,0
40116,1
40120,0
40122,1
40123,0
40124,0
40134,0
40135,0
40138,0
40141,0
40142,0
40148,0
40151,0
40163,0
40165,0
40170,0
40171,0
40175,0
40179,0
40181,1
40185,0
40197,0
40202,0
40206,0
40210,0
40215,1
40216,0
40225,0
40229,0
40232,0
40264,0
40265,1
40267,0
40269,0
40272,0
40281,0
40286,0
40291,0
40292,0
40298,0
40310,1
40324,0
40328,0
40329,0
40332,0
40337,1
40338,0
40345,0
40351,0
40353,0
40356,1
40363,0
40366,0
40374,0
40375,0
40388,0
40395,0
40397,1
40399,0
40408,0
40410,0
40412,0
40426,0
40427,0
40436,0
40437,0
40440,1
40445,1
40447,0
40450,0
40452,0
40454,0
40461,0
40462,0
40472,0
40485,0
40490,1
40493,1
40499,0
40504,0
40512,0
40517,1
40528,0
40535,0
40545,0
40548,1
40554,0
40565,0
40571,0
40572,0
40576,0
40581,0
40583,0
40592,1
40596,0
40597,0
40600,0
40601,1
40603,0
40604,0
40608,0
40617,0
40620,0
40631,0
40632,0
40640,1
40642,0
40644,1
40646,0
40658,0
40663,0
40666,1
40667,0
40670,0
40673,0
40681,0
40694,0
40699,0
40701,0
40705,1
40706,0
40710,0
40711,1
40715,1
40718,0
40725,0
40729,1
40731,0
40735,1
40741,0
40743,0
40751,0
40752,0
40753,0
40754,0
40756,0
40765,0
40768,0
40775,0
40780,1
40782,0
40791,0
40794,0
40796,0
40805,0
40815,0
40819,1
40821,0
40822,1
40825,0
40827,0
40831,0
40843,1
40849,0
40864,0
40865,0
40866,0
40867,0
40873,0
40878,1
40879,0
40882,0
40885,0
40892,0
40894,0
40895,0
40899,1
40901,0
40911,1
40913,1
40919,1
40924,0
40925,0
40926,0
40930,1
40937,1
40938,0
40945,0
40954,0
40956,0
40959,0
40963,0
40969,0
40970,0
40976,0
40982,0
40986,0
41006,0
41008,0
41009,1
41013,0
41019,0
41025,0
41031,0
41032,0
41033,0
41037,0
41040,0
41044,0
41045,0
41048,0
41055,0
41057,0
41058,1
41062,0
41069,0
41070,0
41072,0
41074,0
41077,0
41080,0
41082,0
41084,0
41087,1
41088,0
41095,0
41096,0
41101,1
41102,0
41106,0
41111,0
41117,0
41124,0
41127,0
41135,0
41138,0
41139,0
41143,0
41144,0
41153,0
41165,0
41166,1
41172,1
41176,0
41177,0
41186,0
41187,0
41191,0
41196,1
41197,0
41209,0
41213,1
41216,0
41218,1
41220,0
41221,0
41223,0
41224,0
41235,1
41239,0
41242,0
41244,0
41245,0
41246,0
41250,0
41251,0
41252,1
41254,0
41256,1
41257,0
41261,0
41268,0
41270,1
41272,0
41276,0
41278,0
41279,0
41281,0
41284,0
41285,0
41287,0
41289,0
41291,0
41292,1
41295,0
41299,1
41306,1
41313,0
41315,0
41317,0
41318,1
41325,0
41331,1
41332,0
41335,0
41341,0
41345,0
41352,0
41358,1
41359,0
41365,0
41375,0
41388,0
41399,0
41402,0
41413,0
41414,0
41416,1
41423,1
41425,0
41427,0
41429,0
41430,0
41432,0
41439,0
41440,0
41445,0
41449,0
41451,0
41453,0
41460,1
41467,0
41468,0
41469,0
41475,0
41480,0
41488,1
41492,1
41499,1
41501,1
41503,0
41510,1
41511,0
41518,1
41524,0
41527,0
41530,0
41540,1
41541,0
41546,0
41554,0
41555,0
41559,1
41573,0
41577,1
41583,0
41584,0
41587,0
41591,0
41596,0
41600,0
41601,0
41614,0
41617,0
41631,0
41634,1
41644,0
41647,0
41655,0
41661,0
41666,1
41668,0
41669,1
41677,0
41682,0
41683,0
41685,1
41693,1
41695,1
41698,0
41706,1
41707,0
41712,0
41715,0
41723,0
41726,0
41728,0
41735,0
41738,0
41742,0
41756,1
41757,0
41760,0
41761,0
41763,0
41769,0
41771,0
41772,0
41776,1
41778,0
41785,0
41787,0
41790,0
41797,1
41798,0
41801,0
41802,1
41805,1
41811,0
41816,0
41818,0
41831,0
41834,0
41839,0
41847,1
41850,0
41852,0
41853,0
41855,0
41859,0
41871,0
41875,1
41885,1
41898,0
41901,0
41903,1
41904,1
41908,1
41910,0
41915,0
41920,0
41923,0
41927,0
41931,0
41934,0
41942,0
41956,1
41957,0
41958,0
41959,0
41961,0
41967,1
41970,0
41973,1
41991,1
41993,0
41997,1
42005,0
42009,1
42011,1
42012,0
42022,1
42024,0
42026,1
42036,1
42042,1
42043,0
42044,0
42047,0
42048,0
42060,0
42062,0
42070,0
42079,1
42082,0
42084,1
42085,0
42087,0
42097,0
42099,0
42100,0
42101,1
42115,0
42116,0
42121,1
42122,1
42127,1
42130,0
42131,0
42132,1
42138,0
42144,0
42149,0
42156,0
42160,0
42170,0
42173,0
42174,0
42176,1
42177,0
42178,1
42183,1
42186,0
42187,1
42188,1
42193,1
42194,0
42196,1
42200,0
42204,0
42216,1
42223,0
42227,0
42228,1
42229,1
42243,0
42244,0
42245,0
42248,0
42251,1
42252,0
42254,0
42265,0
42273,0
42275,0
42281,0
42286,1
42287,0
42289,0
42303,1
42304,1
42305,1
42306,0
42308,0
42315,1
42319,0
42321,1
42337,0
42341,1
42348,0
42352,1
42355,0
42373,1
42375,1
42384,0
42398,0
42400,0
42401,0
42405,0
42407,0
42410,0
42411,0
42412,0
42415,0
42420,0
42426,1
42428,0
42437,0
42439,0
42441,0
42447,0
42458,0
42470,0
42476,0
42481,1
42484,0
42485,0
42488,0
42490,1
42494,0
42497,0
42498,1
42499,0
42500,0
42507,0
42508,0
42509,0
42510,0
42519,1
42523,0
42526,0
42532,0
42535,0
42537,0
42542,0
42549,0
42550,0
42579,0
42583,0
42584,0
42593,0
42595,0
42596,0
42601,0
42604,0
42609,0
42611,0
42616,0
42623,1
42624,1
42628,0
42635,0
42637,0
42640,0
42641,1
42643,0
42645,0
42651,0
42652,0
42653,0
42654,0
42659,1
42660,0
42665,0
42670,0
42687,0
42690,1
42695,0
42700,1
42709,1
42714,0
42724,0
42733,1
42740,0
42741,0
42748,1
42749,0
42753,0
42754,0
42759,0
42765,0
42774,1
42779,1
42780,0
42781,0
42784,0
42786,0
42787,1
42793,0
42795,0
42796,0
42800,0
42814,0
42828,0
42830,0
42831,1
42834,0
42838,0
42844,0
42850,0
42852,1
42853,0
42854,0
42862,0
42864,0
42877,0
42884,0
42887,1
42888,1
42889,1
42903,1
42904,0
42907,0
42910,0
42912,0
42921,0
42923,0
42934,1
42937,0
42938,0
42940,0
42947,1
42948,0
42951,0
42960,0
42962,0
42963,0
42964,0
42969,0
42974,0
42976,0
42977,0
42978,1
42986,0
42989,0
43002,0
43004,1
43011,0
43012,0
43019,0
43022,0
43032,0
43033,1
43035,0
43037,0
43038,0
43042,0
43051,0
43055,1
43056,0
43057,0
43059,0
43062,0
43065,1
43066,0
43067,0
43078,0
43081,0
43084,0
43087,0
43088,0
43090,0
43091,0
43094,1
43100,1
43102,0
43109,1
43112,1
43114,0
43115,0
43116,0
43118,1
43119,0
43121,0
43123,0
43132,0
43140,0
43147,1
43159,1
43161,0
43169,0
43170,0
43174,0
43177,1
43180,1
43182,0
43191,0
43194,0
43196,1
43201,1
43207,0
43208,1
43211,0
43212,0
43213,0
43219,0
43220,0
43224,1
43236,0
43237,0
43244,0
43248,0
43249,0
43253,1
43259,0
43263,1
43265,0
43269,1
43282,0
43285,0
43287,1
43293,1
43294,1
43299,0
43300,1
43313,1
43325,0
43329,0
43334,0
43335,0
43339,1
43343,0
43346,1
43347,0
43348,0
43355,0
43361,0
43364,0
43368,0
43369,0
43374,0
43384,0
43387,0
43391,0
43392,0
43394,0
43395,1
43396,0
43398,1
43406,0
43411,0
43413,1
43415,0
43416,1
43417,0
43420,0
43421,1
43425,0
43434,1
43448,0
43450,0
43458,0
43459,0
43466,0
43469,1
43475,0
43479,1
43480,0
43486,1
43491,0
43503,0
43506,0
43532,0
43537,0
43541,1
43543,1
43546,0
43547,1
43549,1
43550,0
43551,0
43557,0
43559,0
43567,0
43584,0
43586,1
43591,1
43594,0
43596,0
43603,0
43608,0
43615,1
43619,0
43620,0
43621,0
43638,1
43640,0
43641,0
43644,0
43646,0
43647,0
43649,0
43664,0
43666,0
43670,0
43672,0
43678,0
43680,0
43685,1
43687,1
43690,0
43701,0
43702,0
43709,0
43718,1
43722,0
43728,0
43731,0
43738,0
43741,0
43746,1
43747,0
43755,1
43758,0
43762,0
43763,0
43772,0
43777,0
43795,0
43798,0
43801,0
43802,0
43812,1
43817,0
43818,1
43819,0
43821,1
43822,0
43824,0
43830,1
43831,0
43843,1
43854,0
43857,0
43860,0
43864,0
43865,0
43866,0
43867,0
43870,0
43872,0
43873,1
43875,1
43878,0
43882,0
43883,0
43892,0
43894,1
43909,0
43910,0
43914,0
43918,0
43921,0
43926,0
43927,1
43931,0
43933,1
43935,0
43936,1
43940,1
43944,0
43945,0
43947,0
43955,0
43958,0
43960,1
43965,0
43966,0
43967,0
43969,0
43970,0
43974,1
43979,0
43990,0
43993,1
43994,1
43996,1
43999,0
44000,1
44003,1
44004,1
44005,1
44012,0
44015,1
44020,0
44021,0
44022,1
44023,0
44024,0
44025,1
44029,0
44030,0
44051,0
44054,1
44057,0
44058,0
44062,0
44065,0
44067,0
44072,0
44076,0
44078,1
44081,1
44082,0
44093,0
44101,0
44112,0
44114,0
44115,0
44122,1
44126,0
44128,0
44129,0
44130,1
44133,0
44137,0
44139,0
44147,0
44150,0
44156,0
44165,0
44167,1
44171,0
44172,1
44173,0
44174,0
44176,0
44187,0
44188,0
44191,0
44200,0
44205,0
44207,0
44209,1
44210,0
44217,1
44218,1
44221,1
44234,1
44236,0
44237,0
44238,0
44240,1
44245,0
44246,0
44249,1
44250,0
44252,0
44260,1
44269,0
44288,0
44290,1
44291,1
44295,1
44304,1
44310,0
44320,0
44324,0
44326,0
44331,0
44339,0
44344,1
44347,0
44348,0
44349,0
44356,0
44357,0
44362,0
44367,0
44371,0
44376,0
44377,0
44378,0
44383,1
44386,1
44387,0
44393,0
44396,1
44398,0
44399,0
44404,0
44405,0
44413,0
44414,1
44417,0
44419,0
44428,0
44430,0
44436,0
44440,0
44442,0
44446,0
44450,0
44453,0
44454,0
44460,0
44464,0
44467,0
44468,0
44473,0
44483,0
44484,0
44485,0
44487,0
44489,0
44492,0
44494,1
44495,0
44503,1
44504,0
44508,0
44512,0
44514,0
44529,0
44530,1
44531,0
44535,0
44536,0
44553,0
44555,0
44558,1
44560,0
44561,0
44564,1
44569,0
44575,0
44587,0
44588,1
44592,0
44593,0
44598,0
44601,0
44604,0
44607,1
44613,0
44615,1
44619,1
44625,1
44627,0
44628,1
44636,0
44637,1
44642,1
44649,0
44653,0
44657,0
44658,0
44664,0
44666,0
44667,0
44668,0
44669,0
44672,0
44677,0
44679,0
44680,0
44684,0
44695,0
44696,1
44697,0
44711,0
44714,0
44715,0
44720,0
44725,0
44728,0
44730,0
44735,1
44737,0
44739,0
44741,0
44744,0
44745,1
44754,1
44757,0
44759,1
44766,0
44767,1
44769,0
44771,1
44772,0
44776,0
44781,1
44782,0
44784,0
44792,0
44800,0
44802,0
44803,0
44804,1
44805,1
44810,0
44821,1
44823,0
44825,0
44826,0
44828,0
44829,0
44834,1
44840,1
44842,0
44844,0
44847,0
44857,0
44860,1
44864,0
44874,0
44876,0
44877,0
44879,0
44881,0
44890,0
44899,0
44902,1
44903,0
44904,0
44906,0
44908,0
44909,0
44916,0
44917,0
44919,0
44921,0
44925,0
44927,0
44928,0
44929,0
44943,0
44944,0
44945,1
44948,0
44952,0
44955,0
44957,1
44959,1
44961,0
44962,0
44966,0
44971,1
44972,1
44975,0
44976,0
44977,1
44979,0
44980,0
44981,1
44982,0
44986,0
44991,0
44993,0
44995,0
44996,0
44997,0
44998,1
45007,0
45013,1
45014,0
45015,1
45016,0
45018,0
45020,0
45028,0
45033,1
45036,0
45044,0
45050,1
45063,1
45064,0
45071,0
45076,1
45077,0
45080,0
45088,0
45089,0
45091,1
45094,0
45099,0
45108,0
45111,0
45127,0
45135,0
45137,0
45139,0
45140,0
45142,0
45143,0
45163,0
45171,0
45172,0
45174,0
45179,0
45189,0
45194,0
45197,0
45211,1
45224,0
45229,0
45230,0
45236,0
45237,1
45240,0
45242,0
45251,0
45261,0
45271,0
45280,0
45281,0
45289,1
45291,0
45292,0
45294,0
45297,1
45301,0
45303,0
45305,0
45306,1
45312,1
45315,0
45316,0
45317,0
45327,0
45329,1
45331,0
45333,0
45337,0
45338,0
45340,0
45341,0
45350,0
45355,0
45358,0
45361,0
45367,1
45377,1
45378,0
45379,0
45382,0
45383,1
45388,0
45391,0
45395,0
45401,0
45402,0
45406,0
45411,0
45412,1
45413,0
45416,0
45420,0
45421,0
45423,0
45435,1
45443,1
45455,0
45461,0
45472,0
45485,0
45490,0
45506,1
45507,0
45513,1
45514,0
45519,0
45520,0
45521,0
45522,0
45528,0
45532,1
45536,0
45539,0
45545,0
45546,0
45553,0
45556,1
45557,0
45567,0
45575,1
45578,0
45580,0
45589,0
45590,0
45592,0
45603,0
45604,0
45606,0
45611,0
45617,0
45620,1
45625,0
45627,0
45628,0
45633,1
45638,0
45642,0
45643,0
45647,1
45650,0
45653,0
45654,1
45658,0
45661,0
45670,0
45673,0
45685,0
45691,0
45693,1
45694,1
45696,1
45700,0
45703,1
45708,1
45711,0
45714,0
45717,0
45721,0
45722,0
45723,1
45726,0
45733,0
45735,0
45737,0
45743,0
45746,0
45749,1
45751,1
45752,1
45757,1
45759,0
45764,0
45768,0
45781,1
45785,0
45798,1
45801,0
45808,0
45814,0
45815,1
45816,0
45825,1
45828,0
45831,0
45832,0
45834,0
45844,0
45847,1
45848,0
45853,0
45854,0
45856,0
45861,1
45862,0
45871,1
45882,0
45891,0
45893,0
45898,0
45901,1
45905,1
45908,0
45911,0
45919,0
45928,0
45931,0
45934,0
45938,0
45940,1
45944,1
45950,1
45953,0
45954,0
45960,0
45965,0
45967,0
45968,0
45976,0
45977,0
45978,0
45985,0
45986,1
45994,0
45997,0
45999,0
46000,0
46001,0
46006,0
46010,0
46011,1
46012,1
46016,1
46025,1
46027,0
46029,0
46036,0
46041,0
46043,0
46050,1
46053,0
46059,0
46060,0
46063,0
46070,0
46071,1
46076,0
46078,0
46081,0
46084,0
46087,0
46092,0
46093,0
46096,0
46105,0
46110,1
46114,0
46116,1
46120,0
46121,1
46127,1
46132,0
46136,0
46138,1
46140,0
46142,0
46143,1
46145,0
46151,0
46156,0
46160,0
46161,0
46172,0
46186,0
46187,0
46199,1
46201,0
46205,0
46210,1
46220,0
46222,0
46227,0
46231,0
46237,1
46244,0
46247,0
46250,0
46251,0
46252,0
46253,0
46256,0
46257,1
46259,1
46261,0
46263,0
46265,0
46266,1
46270,0
46273,0
46277,1
46284,0
46288,0
46291,0
46304,0
46306,0
46320,0
46321,1
46323,1
46327,0
46332,0
46336,1
46339,0
46341,0
46342,0
46343,1
46345,0
46349,1
46354,0
46356,0
46363,0
46366,0
46367,0
46369,0
46373,1
46376,0
46381,1
46388,0
46389,0
46390,1
46396,0
46400,0
46404,0
46408,1
46409,1
46410,0
46411,0
46413,0
46416,0
46419,1
46428,0
46432,1
46433,0
46434,0
46438,0
46442,0
46443,0
46446,0
46449,0
46456,1
46469,1
46473,0
46474,0
46483,0
46486,0
46490,0
46494,1
46495,0
46499,0
46503,0
46506,0
46518,0
46519,0
46526,0
46528,1
46533,0
46540,0
46543,0
46548,1
46549,0
46553,0
46555,0
46557,0
46561,0
46567,0
46568,1
46571,0
46580,0
46581,0
46582,0
46592,0
46594,0
46595,0
46597,1
46599,0
46602,0
46612,1
46623,0
46625,1
46630,0
46642,1
46645,0
46648,0
46659,0
46662,0
46670,0
46671,0
46678,1
46681,1
46687,0
46688,0
46689,1
46690,0
46697,0
46709,0
46711,1
46717,0
46718,0
46719,0
46720,0
46722,0
46726,0
46729,0
46731,0
46732,0
46750,1
46752,0
46754,0
46763,0
46774,0
46776,0
46780,1
46784,0
46786,0
46791,0
46793,1
46796,0
46806,1
46820,1
46824,0
46826,0
46830,0
46831,0
46837,0
46840,1
46841,1
46842,0
46845,0
46846,1
46852,0
46855,0
46860,0
46866,0
46868,0
46871,0
46873,0
46874,0
46882,1
46888,0
46893,0
46896,0
46898,0
46900,0
46907,0
46908,1
46911,0
46912,0
46914,1
46915,1
46916,0
46919,0
46921,0
46927,0
46932,0
46933,1
46934,1
46948,0
46952,1
46954,0
46956,0
46963,0
46964,1
46966,0
46969,0
46971,1
46973,0
46974,0
46980,0
46985,0
46987,0
46998,0
46999,0
47002,1
47003,1
47006,0
47007,1
47013,0
47015,0
47017,0
47026,0
47032,0
47033,0
47035,0
47044,0
47048,0
47050,0
47055,0
47056,1
47062,0
47067,0
47070,0
47072,0
47075,0
47076,1
47079,1
47080,0
47084,0
47086,0
47091,0
47097,1
47100,0
47102,1
47103,1
47106,1
47109,0
47113,1
47114,0
47121,0
47133,0
47137,0
47138,0
47139,1
47140,1
47143,1
47145,0
47147,0
47149,0
47150,0
47152,0
47155,1
47157,1
47164,1
47169,1
47174,0
47184,0
47188,0
47189,0
47192,1
47193,0
47194,0
47196,0
47210,0
47215,0
47218,1
47220,0
47222,1
47227,0
47228,0
47233,1
47237,0
47238,0
47239,1
47240,0
47243,1
47250,0
47251,0
47252,0
47253,0
47254,0
47258,1
47260,0
47263,1
47264,0
47269,1
47274,0
47277,0
47278,0
47282,0
47286,0
47288,0
47291,1
47292,0
47296,0
47300,1
47304,0
47306,0
47307,0
47309,0
47315,1
47316,1
47324,0
47325,0
47326,1
47327,1
47328,0
47336,0
47342,0
47346,0
47347,0
47351,0
47364,0
47365,0
47375,0
47376,0
47384,0
47390,0
47395,1
47398,1
47411,1
47416,1
47417,0
47418,0
47425,0
47434,0
47456,0
47457,1
47465,0
47466,1
47472,0
47475,0
47478,0
47479,0
47487,1
47497,0
47498,0
47503,0
47509,0
47516,0
47520,0
47524,1
47525,0
47537,0
47541,0
47550,1
47551,0
47555,0
47560,0
47563,0
47565,0
47571,1
47574,1
47583,0
47585,1
47590,0
47600,0
47608,1
47611,0
47614,0
47615,0
47620,0
47627,1
47632,0
47633,0
47634,1
47636,0
47637,0
47641,1
47654,0
47655,0
47662,0
47663,0
47667,0
47669,0
47671,0
47672,0
47675,1
47676,0
47691,0
47692,0
47696,0
47697,0
47699,1
47706,1
47714,0
47715,0
47717,0
47718,0
47720,0
47722,0
47737,1
47742,0
47744,0
47751,0
47753,0
47755,0
47758,0
47760,1
47768,1
47773,1
47777,0
47785,0
47787,0
47790,0
47801,0
47804,1
47809,0
47811,0
47814,1
47815,1
47823,0
47828,0
47831,0
47839,0
47840,0
47853,0
47860,0
47871,0
47876,1
47877,0
47878,0
47886,0
47887,0
47891,0
47894,0
47899,0
47903,0
47906,0
47914,0
47915,0
47916,0
47920,0
47926,0
47928,1
47929,0
47930,0
47939,0
47942,0
47945,0
47947,0
47949,0
47955,0
47956,0
47962,0
47974,0
47977,1
47978,0
47996,0
47998,0
47999,0
48010,0
48016,1
48017,0
48018,0
48021,0
48030,0
48033,0
48035,0
48041,0
48044,0
48046,0
48047,0
48050,1
48058,0
48065,0
48066,0
48075,0
48081,0
48082,0
48090,0
48098,1
48104,0
48105,0
48107,0
48110,1
48115,1
48119,0
48120,0
48122,0
48127,0
48131,0
48136,0
48144,0
48147,1
48150,0
48152,1
48171,1
48174,0
48177,0
48181,0
48194,0
48199,1
48200,0
48203,0
48205,0
48207,0
48210,0
48211,1
48219,0
48221,1
48223,0
48237,0
48240,0
48241,0
48245,0
48248,1
48253,0
48259,0
48260,1
48261,0
48262,0
48268,0
48271,0
48273,0
48274,0
48279,0
48286,0
48289,0
48295,0
48301,0
48304,0
48306,0
48315,0
48316,1
48319,0
48320,0
48323,0
48334,1
48336,1
48341,1
48342,0
48350,0
48363,1
48370,0
48377,0
48384,0
48397,1
48403,0
48405,1
48406,0
48413,1
48414,0
48417,0
48423,0
48428,0
48431,1
48434,1
48437,0
48438,0
48441,0
48447,0
48450,0
48458,1
48462,0
48464,0
48465,0
48467,0
48469,0
48480,0
48481,0
48485,0
48494,0
48496,1
48514,1
48521,1
48524,0
48526,0
48528,0
48538,0
48540,1
48545,0
48551,1
48552,0
48556,0
48558,0
48563,0
48564,0
48566,0
48575,0
48576,0
48577,1
48580,0
48584,0
48585,0
48588,0
48604,0
48610,0
48615,0
48620,0
48626,0
48627,0
48635,0
48639,0
48643,1
48650,0
48656,1
48658,0
48660,0
48662,0
48682,1
48684,0
48688,0
48689,0
48693,0
48694,1
48695,0
48699,1
48700,0
48715,0
48728,0
48735,0
48736,0
48742,0
48743,0
48745,0
48746,1
48748,0
48757,0
48759,0
48772,0
48777,0
48787,1
48788,0
48795,0
48798,0
48799,0
48807,0
48810,0
48811,0
48812,1
48816,1
48819,0
48823,0
48829,0
48831,1
48833,1
48842,0
48844,0
48849,0
48851,0
48855,0
48856,0
48859,0
48863,1
48871,1
48872,0
48873,0
48874,0
48876,0
48877,0
48878,1
48879,0
48882,0
48887,1
48890,0
48895,0
48897,0
48899,0
48904,1
48910,0
48912,1
48915,0
48919,1
48922,0
48925,1
48926,1
48928,0
48929,0
48932,0
48943,0
48951,0
48957,0
48960,1
48961,0
48977,0
48979,0
48981,0
48982,0
48986,1
48996,0
49007,0
49008,0
49009,0
49011,0
49014,0
49015,0
49024,0
49025,0
49026,0
49027,0
49033,1
49043,0
49046,1
49061,0
49063,0
49065,0
49068,1
49073,0
49075,0
49082,0
49083,1
49087,0
49089,0
49093,0
49099,1
49105,0
49112,1
49113,1
49126,1
49131,1
49136,0
49140,0
49146,0
49147,0
49151,1
49156,0
49160,0
49162,0
49168,1
49169,0
49175,0
49176,0
49181,0
49182,0
49186,0
49194,0
49200,0
49209,0
49210,0
49211,0
49215,0
49222,0
49230,1
49234,1
49240,1
49242,1
49245,0
49246,0
49247,0
49256,0
49259,0
49268,0
49272,0
49279,0
49280,1
49281,1
49282,0
49284,0
49285,0
49289,0
49293,0
49294,0
49296,0
49298,0
49300,0
49303,0
49306,0
49307,0
49308,0
49310,1
49311,0
49314,1
49321,0
49322,0
49324,0
49326,1
49336,0
49338,0
49347,0
49350,0
49351,0
49352,1
49353,0
49355,0
49369,0
49372,1
49379,0
49383,1
49385,0
49387,0
49392,0
49393,0
49396,0
49401,1
49404,0
49405,0
49412,1
49419,1
49421,0
49422,0
49424,0
49426,0
49428,0
49431,0
49433,0
49439,0
49440,1
49441,0
49443,1
49448,0
49450,0
49454,0
49466,0
49467,0
49468,0
49482,0
49483,1
49484,0
49488,1
49489,0
49493,1
49495,0
49501,0
49505,0
49506,0
49507,1
49508,0
49511,0
49523,0
49525,0
49526,0
49527,0
49528,0
49529,1
49530,1
49534,0
49535,0
49538,0
49543,0
49545,0
49546,0
49548,0
49550,0
49552,1
49553,0
49559,1
49563,0
49564,0
49566,0
49578,0
49579,0
49586,0
49589,0
49597,0
49598,1
49607,0
49617,1
49623,0
49624,1
49626,0
49628,0
49632,0
49634,1
49635,0
49638,1
49640,0
49641,0
49644,0
49645,0
49652,0
49653,0
49659,0
49661,0
49663,1
49666,1
49668,0
49670,1
49674,1
49682,0
49683,0
49685,1
49686,0
49691,1
49693,0
49695,0
49701,0
49702,1
49703,0
49704,0
49708,0
49709,0
49711,0
49714,0
49718,1
49721,0
49722,0
49730,0
49732,1
49734,0
49738,0
49739,0
49741,0
49742,0
49743,1
49750,0
49751,1
49752,0
49759,0
49760,0
49761,0
49766,0
49768,0
49774,1
49777,1
49780,1
49789,0
49795,0
49797,0
49798,0
49802,0
49805,0
49809,0
49811,0
49822,0
49825,1
49831,0
49838,0
49839,0
49843,0
49847,0
49848,0
49850,0
49855,0
49856,0
49858,0
49859,0
49862,0
49863,0
49864,0
49865,1
49866,1
49867,1
49871,0
49873,0
49875,0
49879,1
49882,1
49885,1
49890,0
49896,0
49898,0
49900,0
49903,0
49906,0
49907,1
49908,0
49909,0
49911,0
49915,0
49923,0
49931,0
49932,0
49937,0
49940,0
49946,0
49947,1
49950,1
49961,1
49962,0
49968,1
49971,0
49973,0
49980,1
49981,1
49989,0
49991,1
49993,0
49994,0
49998,0
50000,0
50008,1
50010,0
50011,1
50012,1
50013,0
50015,0
50016,0
50021,0
50026,0
50027,1
50028,0
50031,1
50054,0
50058,0
50062,0
50063,0
50065,0
50069,0
50070,0
50082,0
50084,1
50086,0
50087,1
50091,0
50097,0
50099,1
50109,0
50111,0
50114,0
50118,0
50119,0
50122,0
50123,0
50130,0
50136,0
50142,0
50144,1
50147,1
50156,1
50159,0
50161,0
50168,1
50169,0
50170,0
50174,0
50179,0
50187,1
50188,1
50189,0
50191,0
50196,0
50199,0
50203,0
50206,1
50207,1
50209,1
50211,0
50215,0
50218,0
50223,1
50225,1
50231,0
50232,0
50237,0
50238,0
50242,0
50243,0
50245,0
50262,0
50263,0
50268,0
50269,0
50271,0
50272,0
50280,0
50283,0
50286,0
50291,0
50293,0
50296,0
50301,0
50302,1
50303,0
50304,1
50306,0
50314,1
50322,1
50323,1
50324,0
50327,0
50331,0
50338,0
50339,1
50343,1
50344,0
50345,0
50359,0
50370,0
50374,0
50379,0
50382,0
50388,0
50389,0
50392,1
50395,0
50398,0
50404,0
50407,0
50408,1
50413,0
50423,0
50424,0
50428,0
50432,0
50443,0
50444,0
50446,1
50447,0
50448,0
50451,0
50467,0
50468,0
50469,0
50470,1
50474,0
50475,0
50477,0
50481,1
50482,1
50484,0
50488,0
50496,0
50497,0
50499,0
50503,0
50513,0
50518,0
50519,1
50522,0
50532,0
50533,0
50538,0
50541,1
50543,0
50545,1
50548,0
50549,0
50554,0
50555,0
50562,0
50575,1
50576,1
50581,0
50584,0
50587,0
50590,0
50601,0
50604,0
50608,0
50609,0
50610,0
50615,0
50616,0
50622,0
50626,0
50630,1
50642,0
50644,1
50665,1
50668,0
50672,1
50677,0
50679,0
50680,0
50681,0
50682,1
50688,0
50692,0
50693,0
50696,1
50697,0
50698,0
50702,0
50713,1
50718,0
50720,0
50721,0
50726,0
50734,0
50736,0
50737,1
50738,0
50753,0
50754,1
50756,1
50759,0
50771,0
50772,0
50774,0
50775,0
50783,1
50785,1
50787,0
50793,1
50794,0
50795,0
50799,0
50800,1
50802,0
50804,0
50811,0
50812,0
50818,0
50819,1
50823,0
50825,1
50826,0
50829,0
50831,1
50832,1
50833,0
50840,0
50850,1
50859,1
50860,1
50870,0
50874,0
50875,0
50877,0
50878,0
50880,0
50882,1
50898,0
50901,0
50902,0
50910,0
50911,0
50912,0
50916,0
50917,0
50921,0
50925,0
50929,1
50930,0
50938,0
50944,0
50945,0
50949,0
50950,0
50957,0
50965,0
50966,0
50969,0
50972,0
50973,0
50975,0
50977,0
50982,0
50987,0
50989,0
51001,0
51006,0
51007,0
51010,0
51011,1
51012,0
51020,0
51022,0
51023,0
51026,0
51028,1
51030,0
51042,1
51046,0
51053,0
51057,1
51059,0
51064,0
51069,0
51076,0
51082,0
51086,0
51089,0
51100,1
51104,0
51105,0
51112,0
51124,0
51128,0
51129,0
51135,0
51138,0
51142,0
51144,0
51149,0
51160,1
51161,0
51168,0
51172,0
51174,0
51175,1
51185,0
51189,0
51194,0
51196,1
51197,0
51200,0
51205,0
51209,0
51210,0
51211,0
51216,0
51230,0
51231,0
51239,1
51241,0
51245,0
51250,0
51254,1
51256,0
51261,0
51264,0
51268,0
51270,0
51271,0
51275,0
51277,1
51281,0
51316,0
51318,0
51323,0
51327,0
51330,1
51333,0
51334,0
51335,0
51342,0
51345,0
51349,1
51350,0
51354,0
51358,0
51359,0
51361,0
51373,1
51382,1
51388,0
51389,0
51390,1
51392,1
51393,0
51396,0
51398,1
51399,0
51402,0
51410,1
51411,0
51414,0
51415,0
51418,0
51435,0
51450,1
51452,0
51453,0
51457,0
51458,0
51459,1
51461,1
51462,0
51464,0
51465,1
51475,0
51481,1
51483,1
51485,1
51492,0
51497,0
51511,0
51512,0
51514,0
51517,0
51518,0
51521,0
51523,0
51525,1
51529,0
51531,0
51533,0
51539,1
51541,0
51542,1
51543,0
51544,0
51547,0
51551,0
51556,0
51559,0
51562,0
51563,0
51565,0
51570,0
51577,1
51579,0
51580,0
51586,1
51593,1
51594,0
51596,0
51601,0
51603,1
51609,0
51612,0
51614,1
51615,0
51618,1
51623,1
51630,0
51632,0
51634,0
51636,0
51640,1
51641,1
51647,1
51650,1
51652,0
51654,0
51657,0
51666,0
51667,0
51673,0
51676,1
51677,0
51680,0
51683,0
51686,0
51691,0
51694,0
51706,1
51707,0
51710,1
51715,1
51722,0
51727,0
51738,0
51741,1
51742,0
51753,0
51754,0
51758,0
51759,1
51772,0
51773,0
51782,1
51798,0
51801,0
51807,1
51814,1
51818,0
51820,0
51825,0
51828,0
51829,0
51834,1
51836,1
51840,1
51847,1
51851,0
51856,0
51857,0
51859,0
51861,0
51865,0
51874,1
51879,0
51883,1
51884,0
51888,0
51891,1
51913,1
51914,0
51917,0
51919,1
51920,1
51943,0
51944,1
51946,0
51955,0
51961,0
51963,0
51965,0
51966,0
51970,0
51972,0
51985,0
51987,0
51990,0
51996,0
52002,0
52005,0
52007,1
52012,0
52016,1
52025,0
52027,0
52029,1
52032,0
52034,1
52040,1
52041,0
52042,0
52044,0
52049,0
52053,0
52056,0
52059,0
52061,0
52067,0
52073,0
52079,0
52080,0
52083,0
52090,0
52101,0
52103,0
52104,0
52117,0
52122,0
52123,0
52128,0
52129,0
52131,0
52136,0
52137,0
52139,1
52141,0
52150,0
52159,0
52162,0
52163,0
52165,0
52168,1
52170,0
52173,0
52177,0
52178,0
52182,0
52195,0
52197,0
52200,0
52206,0
52210,1
52211,1
52218,0
52223,0
52229,0
52235,0
52238,0
52239,0
52240,0
52241,0
52247,0
52248,1
52261,0
52262,0
52263,1
52265,1
52269,1
52270,0
52272,0
52277,1
52279,0
52281,1
52285,0
52293,0
52296,0
52303,0
52317,1
52318,0
52320,0
52321,1
52328,0
52330,0
52334,0
52347,1
52348,0
52351,0
52352,0
52355,0
52359,0
52360,0
52363,0
52370,0
52371,1
52383,0
52386,0
52394,1
52398,0
52399,0
52400,0
52406,0
52410,0
52411,1
52415,0
52418,0
52419,0
52422,0
52425,0
52428,0
52429,1
52433,0
52434,0
52439,0
52453,1
52456,0
52466,0
52479,0
52482,0
52483,0
52489,0
52490,0
52498,0
52509,0
52511,1
52512,0
52516,1
52518,0
52529,0
52530,0
52532,0
52533,1
52541,0
52544,1
52551,0
52557,0
52559,1
52563,0
52570,0
52572,0
52573,0
52576,0
52583,1
52584,1
52590,0
52593,0
52594,0
52598,1
52600,0
52601,0
52603,0
52606,1
52610,0
52621,0
52622,1
52626,1
52628,1
52635,1
52639,0
52640,0
52644,0
52653,1
52661,0
52668,0
52669,0
52672,0
52682,0
52683,0
52686,1
52689,0
52691,0
52698,1
52699,0
52710,0
52712,0
52719,0
52722,0
52728,0
52735,0
52736,0
52738,0
52741,0
52775,0
52780,0
52789,0
52793,0
52794,0
52795,0
52796,0
52798,1
52817,1
52825,0
52832,1
52833,0
52835,0
52836,1
52843,0
52847,0
52853,1
52854,0
52865,0
52870,1
52877,0
52879,0
52886,0
52887,0
52890,1
52893,0
52894,0
52895,0
52899,1
52908,0
52909,0
52910,0
52912,0
52926,0
52936,1
52938,0
52944,0
52948,0
52949,0
52950,1
52954,0
52955,0
52958,0
52959,0
52960,0
52962,0
52965,0
52966,0
52969,1
52971,1
52972,0
52975,0
52978,0
52981,0
52984,0
52992,1
52994,0
52995,0
52999,1
53007,0
53008,0
53012,0
53017,1
53020,0
53025,0
53027,0
53029,1
53030,0
53037,1
53041,1
53046,0
53053,0
53056,0
53061,0
53065,1
53067,0
53074,0
53075,1
53079,0
53080,1
53085,0
53086,0
53087,0
53094,1
53104,0
53107,0
53113,0
53114,0
53117,0
53124,0
53127,0
53129,0
53130,0
53134,0
53135,0
53136,0
53139,0
53140,0
53142,1
53144,0
53145,1
53146,0
53150,0
53154,1
53155,0
53164,0
53165,1
53166,1
53168,0
53169,1
53173,1
53174,0
53178,0
53182,1
53185,1
53188,1
53190,0
53192,0
53194,0
53198,0
53200,0
53201,0
53217,0
53219,0
53221,0
53228,1
53231,0
53235,0
53237,0
53244,1
53250,0
53252,0
53254,0
53256,0
53265,0
53273,0
53274,1
53275,0
53281,1
53286,0
53290,0
53293,0
53294,0
53315,0
53321,0
53322,0
53324,1
53326,0
53329,0
53332,0
53334,0
53336,0
53341,0
53342,1
53343,0
53344,0
53345,0
53352,0
53355,0
53356,0
53366,0
53380,0
53381,0
53386,0
53387,1
53388,0
53392,1
53393,1
53397,0
53400,0
53402,1
53407,0
53408,0
53411,0
53413,1
53421,0
53424,0
53427,1
53428,0
53430,0
53433,0
53440,0
53447,1
53451,0
53458,0
53460,1
53461,0
53466,0
53469,1
53471,0
53472,1
53474,0
53475,0
53476,0
53485,0
53486,0
53487,0
53491,0
53495,1
53497,0
53499,1
53500,0
53501,0
53506,0
53515,0
53519,1
53522,1
53526,0
53534,0
53536,1
53540,0
53541,1
53545,0
53547,0
53552,0
53556,0
53561,0
53565,1
53566,0
53569,0
53573,1
53575,1
53582,0
53589,0
53592,1
53595,0
53600,1
53601,1
53602,1
53603,1
53604,1
53616,1
53627,0
53628,1
53632,0
53641,0
53644,0
53662,0
53666,1
53675,0
53676,0
53682,1
53686,0
53690,0
53692,0
53704,0
53707,1
53710,0
53716,0
53717,1
53718,0
53723,1
53724,1
53727,0
53730,0
53732,0
53739,1
53749,0
53752,0
53753,1
53765,0
53770,1
53774,1
53776,0
53779,1
53780,0
53781,1
53788,0
53789,0
53798,0
53806,0
53807,0
53808,0
53809,0
53811,0
53812,0
53813,0
53820,0
53822,0
53828,0
53837,0
53839,0
53840,0
53848,0
53862,1
53869,0
53871,0
53875,0
53881,0
53882,0
53883,1
53896,0
53903,0
53904,1
53906,0
53908,1
53917,0
53921,0
53923,0
53926,0
53934,0
53938,0
53948,1
53950,0
53953,1
53956,0
53957,1
53962,0
53966,1
53967,1
53969,0
53973,1
53975,0
53994,0
53997,1
53998,0
54005,1
54009,1
54012,1
54017,0
54025,0
54029,1
54030,0
54031,0
54032,0
54039,0
54045,0
54049,1
54056,1
54057,0
54060,0
54069,0
54080,0
54082,0
54084,0
54085,0
54088,1
54092,0
54096,1
54099,0
54103,0
54107,0
54111,1
54119,0
54120,0
54126,0
54137,1
54139,1
54145,0
54147,0
54148,0
54149,0
54153,0
54156,0
54157,0
54159,0
54163,0
54169,1
54172,0
54179,0
54190,1
54192,0
54195,0
54199,1
54201,1
54202,1
54205,1
54208,1
54231,0
54232,1
54233,0
54234,0
54238,0
54241,0
54245,0
54247,0
54259,0
54260,1
54261,0
54263,0
54264,0
54266,0
54270,0
54274,0
54278,0
54279,0
54282,0
54285,1
54286,1
54287,0
54291,0
54292,1
54293,1
54297,0
54300,1
54301,0
54304,1
54305,0
54308,0
54316,0
54319,0
54320,0
54325,0
54326,1
54331,0
54332,0
54334,0
54337,0
54339,0
54340,0
54346,1
54352,0
54354,1
54364,0
54365,0
54372,0
54378,0
54381,0
54385,1
54393,0
54397,0
54399,0
54404,0
54422,0
54427,0
54429,1
54432,1
54440,0
54442,1
54444,1
54445,0
54446,0
54448,1
54449,0
54450,0
54452,0
54456,0
54460,1
54461,0
54462,0
54464,1
54468,0
54469,1
54470,0
54485,0
54487,0
54496,0
54497,0
54524,0
54526,0
54529,0
54532,0
54533,1
54534,0
54545,0
54546,0
54551,0
54568,0
54569,0
54572,0
54573,0
54580,1
54592,0
54594,0
54599,0
54600,1
54602,1
54604,0
54606,1
54610,1
54611,0
54613,0
54615,0
54622,0
54627,0
54629,0
54630,1
54632,0
54634,0
54637,0
54638,0
54639,0
54647,0
54648,1
54652,1
54657,0
54661,1
54669,0
54673,0
54681,0
54684,0
54695,0
54705,1
54706,1
54720,1
54721,0
54727,0
54731,0
54733,0
54739,0
54741,0
54747,1
54750,0
54751,1
54752,0
54756,0
54757,0
54762,1
54767,0
54772,0
54773,0
54774,1
54779,0
54780,1
54787,0
54796,0
54797,0
54807,0
54813,0
54815,1
54818,0
54820,1
54834,0
54835,0
54842,0
54846,0
54850,1
54854,0
54855,0
54856,0
54857,0
54860,1
54871,0
54872,0
54874,0
54878,1
54880,0
54884,1
54885,0
54891,0
54893,0
54900,0
54911,0
54913,0
54914,0
54916,0
54918,1
54932,1
54940,1
54943,0
54948,0
54949,1
54950,0
54954,1
54955,1
54958,0
54964,0
54966,1
54967,1
54968,1
54977,0
54979,0
54988,0
54991,0
55005,0
55014,1
55021,0
55024,0
55028,0
55030,0
55036,0
55040,1
55042,0
55048,0
55049,1
55056,1
55057,0
55059,0
55065,0
55073,0
55074,0
55076,0
55080,0
55085,1
55087,1
55089,0
55090,0
55091,0
55092,0
55104,0
55106,0
55107,1
55111,0
55113,0
55117,1
55124,1
55131,0
55141,1
55150,0
55156,0
55161,0
55176,0
55183,0
55186,0
55187,1
55190,0
55191,1
55193,0
55194,1
55196,0
55201,0
55207,0
55208,1
55211,0
55212,1
55213,0
55223,0
55224,0
55234,1
55241,1
55244,1
55245,0
55248,1
55249,0
55250,0
55261,0
55283,0
55288,1
55289,0
55290,0
55294,1
55296,0
55298,0
55304,0
55307,0
55329,1
55335,0
55344,0
55349,0
55352,0
55353,0
55359,0
55362,0
55367,0
55370,1
55371,0
55376,0
55378,0
55379,0
55382,0
55415,0
55416,0
55420,0
55423,0
55426,0
55427,0
55433,0
55439,1
55441,0
55442,0
55446,0
55454,1
55455,1
55456,0
55462,1
55475,0
55487,0
55488,0
55496,0
55502,0
55504,0
55510,1
55511,0
55513,0
55518,0
55525,0
55526,0
55528,0
55529,0
55538,0
55550,1
55551,0
55571,0
55572,0
55585,0
55597,0
55606,0
55610,0
55612,1
55615,0
55616,0
55617,0
55618,1
55619,1
55620,0
55622,1
55638,0
55642,1
55644,0
55646,1
55647,0
55653,0
55655,1
55658,0
55660,0
55661,0
55665,0
55669,0
55672,1
55676,0
55680,0
55682,0
55683,1
55685,0
55687,0
55688,0
55689,0
55702,0
55706,1
55710,0
55719,1
55720,0
55721,0
55722,0
55723,0
55739,0
55741,0
55749,0
55754,0
55755,0
55761,0
55762,0
55771,0
55774,0
55775,0
55776,0
55778,0
55779,0
55784,0
55788,1
55791,0
55799,0
55804,0
55805,0
55806,1
55808,0
55809,1
55811,0
55813,0
55816,0
55820,0
55821,0
55822,0
55824,1
55826,0
55827,0
55830,0
55835,0
55838,1
55843,0
55844,0
55852,1
55853,0
55857,1
55859,0
55861,0
55864,0
55865,1
55866,1
55871,0
55881,0
55882,0
55887,0
55895,0
55900,0
55911,0
55913,1
55916,0
55917,0
55918,0
55919,0
55925,0
55931,0
55933,0
55935,0
55936,0
55937,1
55939,0
55941,0
55944,1
55945,1
55946,0
55955,0
55967,0
55972,0
55977,1
55982,0
55983,0
55988,0
55997,0
55998,1
55999,0
56002,0
56006,0
56011,0
56012,0
56014,0
56021,0
56024,0
56026,0
56034,1
56035,0
56041,0
56043,0
56047,0
56049,1
56051,0
56052,0
56053,1
56054,0
56058,0
56065,0
56067,1
56068,1
56071,0
56075,0
56078,0
56079,1
56086,0
56089,1
56095,0
56101,0
56109,1
56111,1
56115,0
56118,0
56119,1
56121,1
56131,0
56135,1
56137,0
56138,0
56141,1
56147,0
56150,0
56159,1
56163,0
56170,0
56181,1
56198,1
56200,1
56204,0
56208,1
56215,0
56230,0
56238,0
56241,1
56242,0
56245,1
56247,0
56249,0
56250,0
56254,0
56255,0
56260,0
56262,1
56266,0
56267,0
56271,1
56274,0
56276,0
56281,0
56287,0
56288,0
56291,1
56295,0
56297,0
56299,0
56304,1
56305,0
56312,0
56317,0
56319,1
56321,0
56322,1
56328,0
56331,0
56333,0
56334,0
56339,0
56342,0
56360,0
56362,1
56363,0
56364,0
56365,0
56366,0
56367,0
56368,1
56369,0
56370,0
56373,0
56374,1
56382,0
56398,1
56404,0
56409,0
56413,1
56414,0
56419,0
56421,0
56422,0
56427,0
56430,0
56432,0
56436,0
56438,1
56467,1
56470,0
56476,0
56477,1
56478,0
56482,0
56493,0
56494,0
56498,0
56501,1
56508,0
56510,0
56513,0
56516,0
56522,1
56523,1
56525,0
56533,1
56539,0
56549,0
56554,1
56556,0
56558,0
56560,0
56562,0
56563,0
56567,0
56568,1
56571,1
56572,1
56573,0
56574,0
56579,1
56593,0
56601,0
56610,0
56614,0
56617,0
56620,0
56626,1
56627,0
56632,0
56633,1
56635,0
56644,0
56645,1
56658,0
56659,1
56660,0
56662,0
56663,0
56667,1
56668,0
56674,0
56680,0
56681,0
56684,0
56689,0
56696,0
56699,0
56701,0
56704,1
56705,1
56706,0
56707,0
56713,1
56717,0
56721,0
56722,0
56730,0
56736,0
56737,0
56739,1
56740,0
56742,0
56744,0
56747,0
56750,0
56751,0
56759,0
56761,0
56763,0
56769,0
56770,0
56772,0
56780,1
56782,0
56791,0
56793,0
56798,0
56805,0
56807,1
56818,0
56819,0
56827,0
56834,0
56835,0
56836,0
56838,1
56839,0
56840,0
56844,1
56846,0
56848,0
56850,0
56855,1
56858,0
56869,0
56874,0
56881,1
56883,0
56889,0
56890,0
56894,0
56898,0
56901,0
56908,0
56915,0
56921,1
56925,1
56926,1
56927,0
56933,1
56936,0
56938,0
56942,0
56943,0
56945,1
56951,0
56955,0
56964,0
56965,0
56978,0
56980,0
56987,0
57000,0
57002,1
57009,1
57016,0
57018,1
57025,0
57026,0
57027,0
57031,0
57034,0
57036,1
57038,0
57039,1
57044,0
57048,0
57049,0
57056,1
57057,0
57061,0
57064,0
57066,0
57067,1
57069,0
57076,0
57081,0
57084,0
57085,0
57086,0
57093,0
57098,0
57099,0
57104,0
57105,0
57113,1
57120,0
57126,1
57130,0
57136,0
57137,0
57139,1
57140,1
57143,0
57147,1
57149,1
57151,0
57153,0
57155,1
57157,0
57158,0
57163,0
57169,0
57171,1
57172,0
57175,1
57176,0
57177,0
57184,0
57185,0
57186,0
57187,0
57189,1
57192,0
57194,0
57202,1
57203,0
57207,0
57208,0
57217,1
57218,0
57220,0
57221,1
57222,0
57227,0
57232,1
57244,0
57246,1
57253,0
57264,1
57267,0
57269,0
57270,0
57271,0
57273,1
57274,1
57276,0
57278,0
57279,1
57287,0
57292,0
57295,0
57297,0
57300,1
57306,0
57312,0
57316,0
57318,0
57319,1
57320,0
57321,1
57322,1
57323,1
57327,0
57328,1
57333,0
57336,0
57340,0
57342,0
57344,0
57346,1
57348,0
57356,0
57365,0
57366,0
57368,0
57370,1
57376,0
57378,0
57385,0
57394,0
57405,0
57409,0
57411,0
57414,0
57416,0
57419,0
57422,0
57429,0
57432,1
57433,0
57438,1
57439,0
57442,0
57449,1
57450,0
57461,0
57462,0
57463,1
57467,0
57474,1
57475,0
57483,0
57492,1
57497,0
57499,0
57508,0
57513,0
57515,0
57525,0
57532,0
57534,0
57536,0
57541,0
57542,1
57548,1
57559,0
57560,0
57564,0
57565,0
57583,0
57585,0
57588,0
57589,0
57595,0
57601,1
57609,0
57613,0
57623,1
57629,0
57631,0
57638,1
57649,0
57650,0
57651,0
57658,0
57665,0
57666,0
57672,0
57677,0
57678,0
57681,0
57682,0
57686,0
57692,1
57694,0
57700,0
57703,0
57711,0
57715,0
57718,0
57725,0
57733,0
57734,0
57738,0
57739,0
57743,0
57745,0
57746,0
57748,0
57749,1
57750,1
57757,0
57758,0
57759,0
57760,0
57780,1
57781,0
57782,0
57787,0
57789,0
57796,0
57798,0
57801,0
57802,0
57805,0
57812,0
57813,1
57816,0
57823,0
57830,0
57832,0
57843,1
57850,0
57856,0
57864,0
57871,0
57874,0
57876,0
57878,1
57884,0
57889,0
57898,0
57901,0
57902,0
57909,1
57912,0
57918,0
57923,1
57925,1
57939,0
57940,0
57946,0
57948,1
57958,0
57959,0
57961,0
57971,0
57977,0
57979,0
57982,0
57989,0
57997,0
57998,0
58008,1
58012,1
58014,0
58016,0
58022,1
58026,0
58040,1
58042,0
58048,0
58051,0
58055,0
58060,0
58075,1
58078,0
58080,0
58081,0
58083,0
58089,1
58091,1
58093,0
58094,0
58096,0
58097,1
58110,1
58111,1
58114,0
58118,1
58120,0
58131,1
58139,1
58144,0
58145,0
58146,0
58147,0
58152,0
58163,0
58167,1
58177,0
58192,1
58193,1
58194,0
58201,0
58212,0
58213,0
58223,0
58228,0
58231,0
58232,1
58235,0
58237,0
58243,0
58250,0
58254,0
58256,1
58261,0
58266,1
58275,0
58294,1
58303,0
58309,0
58310,0
58311,1
58316,0
58319,0
58326,0
58335,0
58342,0
58347,1
58355,1
58357,0
58361,0
58362,0
58369,0
58373,0
58376,1
58379,1
58380,1
58382,1
58391,0
58395,0
58399,0
58403,1
58406,0
58407,1
58410,0
58414,0
58427,1
58429,0
58431,0
58435,0
58436,0
58439,0
58440,0
58441,1
58442,0
58444,0
58445,0
58454,0
58458,0
58460,0
58461,1
58475,0
58477,0
58488,0
58491,0
58496,0
58508,0
58510,0
58511,0
58512,1
58515,1
58516,0
58528,1
58529,0
58530,0
58533,0
58535,0
58544,1
58547,0
58549,1
58550,0
58554,0
58557,1
58562,1
58569,1
58570,0
58579,1
58581,0
58582,0
58598,0
58604,0
58607,0
58611,0
58612,0
58618,0
58626,0
58636,0
58643,0
58646,1
58647,0
58652,0
58653,1
58658,0
58670,1
58673,0
58675,0
58676,0
58678,0
58679,1
58685,0
58693,0
58695,0
58698,1
58699,1
58716,0
58719,0
58722,0
58736,0
58739,1
58742,0
58743,0
58746,1
58759,1
58763,0
58765,0
58766,0
58768,0
58769,0
58776,0
58778,0
58779,1
58780,1
58784,0
58790,0
58791,1
58792,0
58795,0
58805,0
58809,1
58812,0
58813,1
58818,1
58823,0
58831,1
58835,0
58842,1
58847,0
58855,1
58858,0
58859,1
58863,0
58865,0
58875,0
58884,0
58885,1
58886,0
58891,0
58894,0
58896,0
58898,0
58902,0
58904,0
58911,0
58912,0
58913,0
58915,1
58916,0
58918,0
58920,0
58923,0
58924,1
58925,1
58929,1
58933,0
58934,0
58936,0
58938,1
58950,0
58951,0
58952,1
58954,0
58959,1
58972,0
58978,0
58985,0
58986,1
58989,0
58994,0
58996,1
58998,0
58999,0
59001,0
59006,1
59009,0
59011,0
59014,0
59017,0
59018,1
59033,0
59036,0
59037,0
59041,0
59043,1
59047,0
59054,0
59062,1
59066,0
59071,1
59075,0
59079,0
59080,0
59085,0
59086,0
59087,1
59092,0
59094,0
59095,1
59096,0
59100,1
59105,0
59109,0
59110,1
59116,0
59118,0
59120,0
59122,1
59128,1
59131,1
59134,0
59135,0
59140,0
59147,0
59151,0
59153,0
59154,0
59156,1
59157,0
59159,1
59167,0
59169,0
59176,0
59177,1
59178,0
59180,0
59190,1
59192,0
59194,0
59198,1
59200,0
59209,0
59210,0
59216,0
59219,0
59221,0
59222,0
59223,0
59228,1
59236,1
59237,0
59243,0
59248,0
59250,0
59252,0
59254,0
59258,1
59259,1
59263,0
59271,0
59277,0
59278,0
59285,0
59286,0
59290,0
59292,0
59293,0
59297,0
59298,0
59303,0
59306,0
59314,1
59316,1
59317,0
59326,0
59331,0
59333,0
59338,0
59342,0
59344,0
59351,0
59352,0
59353,0
59357,0
59359,0
59369,0
59374,0
59386,0
59389,1
59390,1
59393,1
59396,0
59398,1
59400,0
59406,0
59409,0
59414,0
59416,1
59420,1
59424,0
59429,0
59435,0
59436,0
59439,0
59441,1
59443,0
59447,0
59450,0
59453,1
59455,1
59459,0
59463,0
59465,0
59468,0
59470,0
59472,0
59475,0
59476,0
59478,0
59479,0
59489,0
59490,1
59493,0
59501,1
59503,1
59504,0
59505,1
59511,0
59512,0
59517,0
59522,1
59524,0
59532,0
59537,0
59540,0
59545,0
59551,0
59562,0
59563,0
59565,1
59567,1
59572,0
59573,0
59576,0
59577,0
59585,0
59591,0
59592,0
59593,1
59605,0
59613,0
59614,0
59616,0
59622,0
59625,1
59627,0
59632,0
59633,1
59634,0
59635,1
59638,0
59640,0
59645,1
59650,0
59660,0
59667,0
59673,1
59674,1
59682,0
59691,1
59698,0
59700,0
59702,0
59705,0
59715,0
59717,1
59718,0
59732,1
59738,1
59741,0
59750,1
59751,0
59757,1
59763,0
59765,0
59771,0
59773,0
59780,0
59785,0
59787,0
59789,1
59796,1
59806,0
59810,0
59811,0
59814,0
59817,0
59818,1
59821,1
59834,0
59837,0
59844,0
59848,0
59852,0
59853,1
59854,0
59859,0
59865,0
59870,1
59871,0
59875,0
59877,0
59883,0
59885,0
59888,0
59894,1
59896,0
59903,0
59904,0
59905,1
59908,1
59909,1
59913,0
59917,0
59919,0
59924,0
59926,1
59929,1
59938,0
59939,1
59943,0
59947,0
59949,0
59951,0
59953,0
59955,0
59960,0
59962,1
59970,0
59981,0
59983,0
59989,1
59995,0
59999,0
60001,0
60008,0
60010,0
60011,1
60012,1
60013,1
60038,0
60045,1
60057,0
60061,0
60069,0
60074,0
60075,0
60079,0
60082,1
60090,0
60092,0
60104,0
60108,0
60111,1
60115,0
60116,0
60134,0
60137,0
60141,1
60146,0
60150,0
60156,0
60158,0
60159,0
60163,0
60171,0
60177,1
60178,0
60184,0
60189,0
60192,0
60194,0
60215,0
60217,0
60218,0
60224,0
60226,0
60227,0
60230,1
60234,1
60245,0
60248,0
60255,0
60258,0
60259,0
60264,0
60265,0
60266,0
60271,0
60279,0
60280,0
60282,0
60291,0
60295,0
60296,0
60297,0
60299,1
60300,1
60301,0
60305,0
60307,0
60309,0
60311,1
60313,0
60316,1
60329,1
60338,0
60349,1
60351,0
60358,1
60362,0
60378,0
60382,0
60395,0
60396,0
60397,0
60407,1
60408,0
60415,0
60418,0
60421,0
60423,1
60427,0
60432,0
60433,0
60437,0
60439,0
60455,0
60461,0
60465,0
60468,0
60469,0
60477,0
60485,0
60486,0
60495,0
60496,0
60503,0
60506,0
60507,0
60511,1
60513,1
60515,1
60516,0
60522,0
60527,0
60528,0
60533,1
60534,1
60539,1
60543,0
60546,0
60555,0
60561,0
60563,0
60568,0
60569,0
60577,0
60580,0
60584,0
60588,1
60591,0
60598,0
60602,0
60607,0
60608,1
60618,1
60621,0
60624,0
60628,0
60630,1
60631,0
60636,0
60642,1
60643,0
60644,0
60645,0
60647,0
60654,0
60666,0
60667,0
60673,1
60676,0
60693,0
60696,1
60702,0
60706,0
60707,0
60708,0
60709,1
60724,1
60725,0
60729,0
60731,1
60742,0
60747,0
60767,0
60768,0
60769,1
60771,0
60780,0
60781,0
60783,0
60792,0
60794,0
60796,0
60798,0
60802,0
60810,0
60813,1
60815,0
60817,0
60826,1
60828,0
60830,0
60831,1
60838,1
60839,0
60840,1
60844,0
60845,1
60855,0
60857,1
60859,1
60863,0
60865,0
60871,0
60873,0
60876,1
60878,0
60879,0
60881,0
60886,0
60888,0
60892,1
60893,0
60894,0
60896,1
60901,1
60903,0
60907,0
60915,0
60917,1
60922,1
60923,0
60926,0
60929,0
60935,1
60940,1
60941,1
60946,0
60948,0
60949,0
60951,0
60954,0
60955,0
60960,0
60962,0
60972,0
60973,0
60975,0
60976,0
60977,0
60994,0
60995,0
60997,0
60998,1
61000,0
61003,1
61010,0
61012,0
61017,1
61019,0
61026,1
61031,0
61033,0
61034,0
61037,1
61042,0
61044,1
61046,0
61049,0
61050,0
61067,0
61073,0
61080,0
61082,1
61083,0
61087,1
61090,1
61098,0
61103,1
61104,1
61109,0
61110,1
61119,1
61120,1
61122,1
61126,0
61127,1
61131,0
61133,0
61134,0
61135,1
61138,0
61143,0
61152,1
61156,0
61158,0
61164,0
61174,0
61175,0
61176,0
61178,0
61179,1
61182,1
61187,0
61190,0
61202,0
61203,0
61206,0
61207,0
61210,0
61216,0
61217,0
61226,0
61227,1
61230,1
61231,0
61233,0
61252,0
61258,0
61259,1
61264,0
61266,1
61277,0
61280,0
61282,0
61283,0
61286,0
61294,0
61302,0
61303,0
61304,0
61307,0
61310,0
61314,0
61319,0
61320,0
61329,1
61330,0
61331,0
61336,0
61337,1
61342,0
61347,0
61351,0
61354,0
61360,1
61363,0
61364,1
61368,0
61372,0
61382,1
61383,1
61391,0
61392,0
61396,0
61403,0
61404,0
61405,0
61407,0
61409,0
61410,0
61412,0
61416,0
61417,0
61420,0
61425,0
61429,0
61436,1
61439,0
61444,0
61446,1
61449,1
61452,0
61457,1
61459,0
61460,1
61462,0
61464,1
61465,0
61467,1
61472,0
61476,0
61478,0
61480,0
61481,0
61482,0
61486,1
61487,0
61489,0
61493,0
61496,1
61498,0
61502,0
61503,1
61506,0
61511,0
61515,0
61519,0
61530,0
61531,0
61534,0
61535,0
61541,0
61558,0
61560,0
61562,0
61563,0
61564,0
61567,0
61571,1
61575,0
61579,0
61580,0
61588,0
61590,0
61595,0
61596,0
61598,0
61599,0
61602,0
61624,0
61625,0
61631,1
61632,0
61634,0
61642,0
61643,0
61646,0
61657,0
61662,0
61665,1
61672,1
61673,0
61674,0
61684,0
61690,1
61693,0
61695,1
61697,0
61703,0
61705,0
61708,0
61710,0
61716,1
61725,0
61731,0
61732,0
61740,1
61743,0
61744,1
61746,1
61748,1
61749,1
61752,0
61758,0
61761,0
61765,1
61766,1
61771,0
61772,1
61783,0
61784,0
61785,0
61798,0
61800,0
61803,0
61806,1
61809,0
61811,0
61815,0
61817,0
61824,0
61825,0
61830,0
61831,0
61836,0
61838,0
61850,0
61856,0
61859,0
61879,0
61884,0
61888,0
61891,0
61895,1
61899,1
61902,0
61905,0
61909,0
61912,1
61921,1
61923,1
61924,0
61925,0
61926,1
61927,0
61928,1
61934,0
61940,0
61943,0
61944,0
61949,0
61952,1
61958,0
61965,1
61966,0
61974,0
61975,0
61978,0
61984,0
61989,0
61992,0
61997,0
62005,1
62006,0
62007,0
62010,0
62014,0
62016,0
62024,0
62025,0
62029,1
62030,0
62034,0
62047,0
62048,1
62049,0
62050,1
62052,0
62054,0
62060,0
62061,1
62063,0
62064,1
62068,0
62071,0
62076,0
62078,0
62080,0
62081,0
62082,1
62085,0
62087,0
62090,0
62093,0
62095,1
62097,0
62103,0
62110,0
62111,0
62114,0
62125,1
62128,1
62130,0
62133,0
62139,0
62140,0
62145,0
62146,1
62155,0
62158,0
62161,0
62167,0
62170,1
62171,0
62173,0
62174,0
62178,0
62181,0
62185,0
62186,1
62187,0
62188,1
62195,0
62198,0
62204,0
62208,0
62209,0
62211,0
62212,0
62215,0
62217,1
62225,0
62229,0
62233,0
62234,0
62238,0
62239,0
62242,0
62246,1
62259,0
62261,1
62265,0
62273,0
62274,0
62275,0
62279,0
62280,0
62282,1
62293,0
62298,0
62299,0
62308,0
62316,0
62319,1
62323,1
62325,1
62329,0
62330,0
62331,0
62336,0
62337,0
62338,0
62340,1
62357,0
62358,1
62359,0
62363,0
62365,0
62368,1
62370,1
62371,0
62374,1
62375,0
62381,0
62387,0
62391,0
62401,0
62402,0
62405,0
62408,0
62409,0
62422,0
62426,0
62428,0
62431,0
62435,0
62437,0
62445,0
62449,0
62452,0
62459,0
62466,1
62467,0
62471,0
62480,0
62484,0
62493,0
62498,0
62501,0
62503,0
62505,0
62508,1
62512,0
62515,0
62520,0
62521,1
62524,1
62527,0
62536,1
62537,0
62540,0
62558,0
62562,0
62563,0
62565,0
62566,1
62567,1
62570,0
62576,1
62580,0
62587,0
62588,1
62597,0
62602,0
62605,0
62608,1
62611,0
62612,1
62616,0
62617,0
62618,0
62623,1
62626,0
62627,0
62631,0
62634,0
62636,0
62640,1
62647,0
62652,0
62657,0
62668,0
62669,0
62670,1
62672,0
62673,0
62679,1
62680,0
62681,1
62682,0
62686,0
62695,0
62697,0
62698,0
62699,0
62702,0
62709,0
62710,0
62718,0
62721,0
62724,0
62729,0
62736,1
62742,0
62746,0
62747,1
62748,1
62749,0
62750,0
62751,0
62754,0
62762,1
62764,0
62766,1
62779,0
62782,0
62784,1
62788,1
62791,1
62796,1
62799,0
62803,0
62804,0
62811,0
62814,1
62815,1
62819,0
62820,0
62823,0
62825,0
62826,0
62827,1
62841,0
62842,0
62843,1
62847,1
62850,0
62851,0
62852,1
62859,0
62860,0
62861,0
62864,0
62867,0
62871,0
62873,0
62878,0
62887,0
62889,0
62890,0
62892,0
62893,1
62898,0
62905,1
62909,1
62912,1
62914,0
62923,0
62928,0
62937,0
62938,1
62939,0
62944,0
62946,1
62957,0
62958,0
62970,0
62971,0
62976,1
62982,0
62984,1
62985,1
62988,0
62991,1
62993,0
62997,0
63006,0
63010,0
63019,1
63020,0
63023,1
63024,1
63025,1
63027,0
63028,0
63030,0
63032,0
63033,0
63037,0
63042,1
63043,1
63046,0
63047,0
63049,1
63054,0
63056,0
63073,0
63074,0
63078,0
63081,1
63082,1
63083,0
63084,0
63086,0
63087,0
63089,0
63091,0
63098,0
63099,0
63100,0
63102,0
63131,1
63132,0
63136,0
63148,0
63150,1
63153,0
63157,0
63160,1
63161,0
63164,1
63175,1
63191,1
63196,1
63205,1
63208,0
63210,0
63211,0
63217,0
63218,0
63223,0
63233,0
63235,0
63237,0
63246,0
63254,0
63255,1
63275,0
63282,1
63291,1
63299,0
63302,0
63309,0
63313,1
63318,1
63326,0
63333,1
63334,1
63338,0
63340,1
63346,0
63349,0
63353,0
63357,0
63359,0
63361,0
63376,0
63377,0
63394,0
63398,0
63400,1
63407,0
63410,0
63411,0
63415,1
63418,0
63419,0
63420,0
63421,1
63423,0
63431,0
63436,1
63437,0
63438,1
63459,1
63461,1
63464,0
63466,0
63473,1
63475,0
63476,0
63484,0
63486,0
63489,0
63492,0
63494,0
63496,0
63497,0
63503,0
63504,0
63505,0
63506,0
63510,0
63514,0
63523,0
63526,0
63529,0
63530,0
63538,0
63539,0
63549,0
63550,0
63552,1
63553,0
63560,0
63571,0
63572,1
63573,0
63578,0
63581,0
63589,0
63591,1
63598,0
63620,0
63624,0
63630,0
63631,1
63636,0
63638,0
63644,1
63649,0
63652,0
63655,0
63656,0
63660,0
63664,0
63667,0
63671,1
63681,0
63682,0
63683,1
63684,0
63687,0
63695,1
63707,1
63709,0
63715,1
63721,0
63725,1
63729,1
63730,0
63736,0
63737,0
63741,0
63742,1
63743,1
63746,0
63752,0
63753,0
63759,0
63764,1
63765,0
63768,0
63776,1
63792,0
63796,1
63797,0
63812,0
63813,1
63814,0
63815,0
63820,0
63827,0
63831,0
63839,0
63840,0
63843,0
63848,0
63849,0
63852,0
63853,0
63854,1
63855,0
63857,0
63858,0
63861,1
63865,1
63866,0
63869,0
63879,0
63881,0
63888,1
63889,0
63902,0
63904,0
63906,1
63908,0
63909,0
63911,1
63918,0
63931,0
63939,0
63942,0
63943,0
63944,0
63946,1
63948,1
63949,0
63953,0
63957,0
63958,0
63963,0
63964,1
63973,1
63976,0
63977,0
63984,0
63986,0
63988,0
63994,1
63998,0
64000,0
64001,1
64002,1
64006,0
64015,0
64023,1
64031,1
64032,0
64052,0
64056,0
64058,0
64061,0
64064,0
64066,1
64069,0
64070,1
64074,0
64081,0
64083,0
64085,1
64087,0
64090,0
64092,1
64110,0
64111,0
64112,1
64116,0
64120,0
64125,0
64126,0
64134,1
64135,0
64136,0
64137,1
64138,0
64147,0
64154,0
64155,0
64157,0
64158,1
64163,0
64164,0
64172,0
64176,1
64182,1
64192,0
64193,0
64203,1
64207,1
64212,0
64215,1
64228,0
64229,0
64235,0
64238,1
64243,0
64246,0
64247,1
64248,1
64252,1
64256,0
64259,0
64262,1
64264,0
64265,0
64267,0
64272,0
64273,0
64274,0
64285,0
64289,0
64290,0
64293,0
64305,0
64313,1
64319,0
64321,0
64327,0
64331,0
64333,0
64335,0
64342,0
64344,0
64345,0
64348,0
64350,0
64351,0
64353,0
64355,0
64360,1
64363,1
64364,0
64370,0
64386,0
64387,1
64388,0
64389,0
64399,1
64402,0
64404,0
64409,0
64412,1
64418,0
64419,0
64424,0
64431,0
64437,0
64438,0
64439,0
64440,0
64449,1
64451,0
64454,0
64456,0
64461,1
64466,1
64467,0
64471,1
64478,0
64481,1
64483,0
64485,0
64494,0
64500,1
64502,0
64505,0
64507,0
64510,0
64511,0
64513,0
64518,1
64526,0
64534,1
64541,1
64547,1
64551,0
64552,0
64557,0
64558,0
64564,0
64566,0
64572,0
64574,0
64577,0
64586,0
64587,0
64594,1
64595,0
64597,0
64601,0
64602,0
64608,0
64611,1
64615,0
64640,0
64643,0
64647,0
64650,0
64654,0
64655,0
64656,0
64657,1
64659,0
64663,0
64665,1
64675,0
64685,1
64687,0
64690,0
64693,1
64697,0
64699,0
64708,0
64711,0
64715,1
64721,0
64722,0
64729,0
64734,0
64737,1
64744,0
64746,0
64759,0
64760,0
64764,1
64765,0
64771,1
64776,0
64779,1
64781,0
64791,0
64793,0
64796,0
64800,0
64803,0
64804,0
64805,0
64809,1
64810,0
64812,1
64815,0
64823,0
64824,0
64836,0
64839,0
64853,0
64854,0
64859,0
64861,0
64867,0
64870,1
64871,0
64876,0
64884,0
64885,0
64886,1
64890,0
64894,0
64896,0
64897,0
64898,1
64900,1
64901,0
64903,0
64914,1
64915,0
64916,0
64921,0
64922,0
64945,0
64955,1
64960,0
64965,0
64968,0
64979,0
64981,0
64983,0
64988,0
64990,0
64995,0
64998,0
64999,0
65002,0
65005,0
65006,0
65009,0
65010,0
65015,0
65020,0
65026,0
65027,1
65028,1
65036,0
65042,0
65054,0
65059,0
65060,0
65061,1
65063,1
65067,0
65072,0
65073,0
65080,0
65082,0
65084,0
65095,1
65100,0
65102,0
65103,0
65106,0
65111,0
65115,0
65124,0
65130,0
65131,0
65137,0
65144,0
65148,0
65154,0
65156,0
65161,0
65162,0
65164,0
65165,0
65167,0
65169,0
65172,1
65174,0
65176,0
65180,0
65185,0
65199,0
65201,1
65206,0
65207,0
65208,0
65210,0
65215,0
65220,0
65222,0
65231,0
65247,1
65254,1
65255,1
65257,1
65259,1
65278,0
65280,0
65285,1
65286,0
65291,0
65295,0
65299,0
65303,0
65307,0
65309,0
65320,0
65321,0
65326,1
65332,1
65336,0
65340,0
65349,0
65350,0
65351,0
65360,0
65363,0
65364,1
65365,0
65366,0
65367,0
65371,0
65372,0
65375,0
65383,0
65384,0
65388,0
65389,0
65391,0
65403,0
65404,0
65405,0
65407,0
65412,0
65414,0
65422,0
65426,0
65433,0
65437,0
65439,1
65446,1
65449,1
65452,1
65453,0
65454,0
65456,0
65457,0
65458,0
65461,1
65476,1
65478,0
65486,1
65489,0
65494,1
65496,0
65498,0
65500,0
65505,0
65511,0
65513,0
65515,0
65518,0
65524,0
65530,1
65532,0
65540,0
65541,0
65556,0
65559,1
65562,0
65570,1
65577,0
65588,1
65592,1
65598,0
65601,1
65603,0
65606,0
65611,0
65616,0
65618,0
65622,0
65625,0
65635,0
65636,0
65638,0
65639,0
65642,0
65654,0
65659,0
65664,1
65666,0
65675,0
65679,0
65682,1
65686,0
65691,0
65692,0
65694,0
65697,0
65699,1
65704,0
65707,0
65710,0
65712,0
65714,1
65715,1
65717,0
65719,0
65720,0
65727,1
65729,0
65732,0
65736,0
65747,0
65748,0
65755,0
65765,1
65769,0
65780,1
65781,0
65783,0
65784,0
65792,0
65794,0
65796,1
65798,0
65802,1
65805,0
65822,1
65825,0
65827,0
65831,0
65833,0
65838,0
65840,0
65841,0
65845,0
65848,0
65849,1
65850,0
65851,0
65852,0
65854,0
65858,0
65861,0
65869,0
65873,0
65880,0
65884,1
65885,0
65888,0
65889,1
65890,0
65899,0
65900,0
65904,0
65907,0
65910,1
65915,0
65924,0
65931,1
65933,1
65936,0
65937,0
65943,1
65945,0
65952,0
65960,0
65965,0
65966,0
65975,1
65980,0
65983,0
65985,1
65986,0
65989,0
65990,1
65996,1
66001,0
66003,0
66004,1
66009,1
66010,0
66015,0
66017,0
66018,0
66020,0
66022,0
66026,0
66030,0
66040,1
66047,0
66053,0
66061,1
66068,0
66083,0
66086,0
66088,0
66097,0
66108,1
66115,0
66119,0
66120,0
66123,1
66126,0
66129,1
66135,0
66137,0
66140,0
66148,0
66159,0
66160,0
66167,0
66168,0
66170,0
66172,0
66179,1
66187,1
66191,0
66193,0
66194,0
66195,1
66198,0
66202,1
66205,1
66206,0
66212,1
66214,0
66215,1
66217,0
66222,0
66226,1
66233,0
66236,0
66238,0
66244,0
66246,0
66252,0
66253,0
66256,0
66258,0
66263,1
66264,0
66271,1
66273,1
66276,0
66281,0
66286,0
66287,0
66288,0
66289,0
66302,0
66303,0
66304,0
66305,0
66310,0
66312,0
66314,0
66319,0
66321,1
66330,0
66334,0
66337,0
66340,0
66344,1
66347,0
66350,0
66351,0
66352,1
66364,0
66365,0
66367,0
66375,1
66376,0
66388,0
66392,0
66397,0
66401,0
66404,1
66406,1
66410,1
66411,0
66416,1
66424,0
66426,0
66427,0
66430,0
66434,1
66435,0
66438,0
66440,0
66451,0
66452,0
66453,0
66456,1
66461,0
66462,0
66464,0
66465,0
66466,1
66470,1
66474,0
66477,0
66480,0
66483,0
66486,0
66490,0
66492,0
66499,1
66509,0
66512,0
66516,0
66530,0
66539,0
66544,0
66545,0
66547,0
66548,0
66551,0
66560,1
66563,0
66567,1
66570,0
66574,0
66583,0
66585,0
66587,0
66589,0
66590,0
66595,0
66603,0
66604,0
66608,1
66609,0
66613,1
66615,1
66617,0
66618,0
66624,0
66630,0
66633,1
66649,1
66653,0
66656,1
66662,0
66667,0
66672,0
66673,1
66676,1
66677,1
66683,0
66686,0
66693,0
66695,1
66705,0
66709,0
66710,0
66713,0
66715,0
66717,1
66719,0
66720,0
66721,1
66723,1
66726,0
66734,1
66747,0
66749,0
66751,0
66759,0
66769,0
66773,0
66774,0
66777,1
66780,0
66782,0
66787,0
66788,1
66790,0
66793,1
66794,0
66795,1
66803,0
66806,0
66810,1
66820,0
66823,0
66825,0
66830,0
66832,0
66835,0
66839,0
66842,1
66843,0
66845,0
66846,0
66850,0
66857,0
66861,0
66864,0
66865,1
66876,0
66881,0
66884,0
66886,1
66887,0
66894,0
66896,1
66900,1
66901,1
66906,1
66923,0
66944,0
66947,1
66948,0
66949,0
66956,1
66957,0
66958,1
66961,0
66967,0
66968,1
66971,0
66978,0
66982,0
66987,0
66989,0
66992,0
66993,1
67000,1
67002,0
67005,0
67006,1
67007,0
67008,0
67009,0
67012,0
67014,0
67023,0
67031,0
67032,0
67035,0
67036,0
67037,0
67040,1
67041,0
67042,0
67044,0
67061,0
67063,1
67068,0
67069,0
67075,0
67077,0
67083,0
67085,0
67087,0
67096,0
67098,0
67106,1
67107,0
67110,0
67113,1
67116,0
67119,1
67129,1
67136,1
67140,1
67142,0
67144,0
67146,0
67147,1
67150,0
67155,0
67157,1
67162,0
67164,0
67174,1
67175,0
67180,0
67183,1
67186,1
67197,0
67198,0
67199,0
67206,1
67208,0
67209,0
67211,1
67212,1
67213,0
67216,0
67219,0
67239,0
67240,0
67242,0
67247,1
67250,0
67252,0
67266,0
67268,1
67278,0
67288,0
67291,1
67293,0
67307,0
67309,1
67311,0
67316,0
67317,1
67322,0
67329,1
67333,0
67336,1
67338,0
67339,1
67344,0
67348,0
67349,0
67351,1
67352,0
67354,0
67361,0
67366,0
67370,0
67371,0
67373,0
67376,0
67379,0
67380,0
67383,0
67385,0
67394,0
67395,1
67396,1
67401,0
67411,0
67413,0
67414,0
67422,0
67429,0
67449,0
67455,0
67456,0
67457,1
67459,0
67461,0
67464,0
67467,1
67468,0
67469,0
67478,1
67479,0
67482,0
67483,0
67488,0
67490,0
67491,1
67492,0
67509,0
67510,0
67511,1
67517,0
67521,0
67525,0
67527,0
67529,0
67535,0
67541,0
67544,0
67547,0
67552,0
67554,0
67558,0
67559,0
67562,0
67565,1
67581,1
67582,0
67587,1
67590,0
67593,0
67595,0
67599,0
67602,1
67603,0
67605,0
67612,0
67622,1
67627,0
67635,1
67636,0
67638,0
67643,0
67645,0
67648,0
67651,0
67655,0
67657,0
67660,0
67663,0
67666,0
67672,0
67681,1
67682,0
67684,1
67685,0
67686,1
67689,0
67690,0
67691,0
67695,1
67697,1
67698,1
67703,1
67704,0
67710,1
67714,0
67722,1
67730,0
67732,0
67738,1
67742,0
67747,1
67753,1
67762,0
67763,1
67764,0
67765,0
67767,1
67769,1
67774,0
67782,0
67783,0
67787,1
67791,0
67793,0
67799,1
67803,0
67811,0
67824,0
67828,0
67829,1
67833,0
67842,1
67846,1
67849,0
67852,0
67855,0
67861,1
67867,0
67870,0
67882,0
67889,1
67894,0
67907,1
67908,0
67910,0
67914,0
67925,0
67927,0
67928,0
67929,1
67941,0
67945,0
67946,0
67947,0
67948,0
67950,1
67955,0
67956,0
67957,0
67964,0
67965,0
67967,0
67968,0
67969,0
67971,0
67973,0
67975,0
67983,0
67986,0
67994,1
67996,1
67997,0
67998,0
68005,0
68007,1
68010,0
68012,0
68015,0
68019,0
68023,0
68024,0
68026,0
68027,0
68029,0
68030,0
68039,0
68041,1
68044,0
68049,0
68051,0
68052,0
68056,0
68057,0
68059,0
68062,0
68064,0
68069,0
68070,0
68072,0
68078,0
68081,0
68088,0
68089,1
68092,1
68095,0
68097,0
68098,0
68101,0
68102,1
68109,0
68113,0
68114,0
68123,0
68124,1
68125,1
68126,1
68130,0
68132,0
68150,1
68152,0
68156,0
68166,0
68171,1
68186,0
68196,0
68199,0
68209,0
68211,1
68218,0
68222,0
68230,0
68233,0
68235,0
68238,0
68240,0
68241,1
68252,1
68261,1
68262,0
68267,0
68272,0
68274,0
68279,0
68280,0
68289,1
68291,1
68294,1
68295,0
68296,0
68301,0
68304,0
68314,1
68316,0
68317,1
68323,0
68325,0
68330,0
68331,1
68352,1
68361,0
68372,0
68375,0
68389,1
68391,0
68400,1
68410,0
68411,1
68412,0
68418,0
68419,1
68420,1
68429,0
68433,0
68434,0
68438,0
68440,1
68442,0
68446,0
68447,0
68448,1
68452,0
68456,0
68457,0
68459,0
68468,0
68469,0
68475,0
68476,1
68487,1
68489,1
68490,0
68499,1
68501,0
68504,0
68507,0
68508,0
68524,0
68526,0
68527,0
68528,0
68533,1
68541,0
68543,0
68544,1
68554,0
68555,0
68559,1
68560,1
68561,0
68571,0
68572,0
68576,1
68577,0
68581,0
68584,1
68588,0
68591,0
68595,0
68602,1
68605,1
68606,1
68609,0
68612,0
68617,0
68622,0
68627,0
68628,0
68630,0
68638,1
68649,1
68655,0
68656,1
68661,0
68664,0
68667,0
68674,0
68681,1
68685,0
68686,0
68690,0
68696,0
68699,0
68702,0
68709,0
68713,0
68717,0
68721,0
68722,0
68724,1
68726,0
68732,0
68738,0
68739,0
68740,0
68743,0
68746,1
68747,0
68749,1
68753,0
68761,0
68767,1
68770,1
68773,0
68783,0
68790,0
68791,1
68795,0
68797,0
68799,0
68800,0
68805,0
68806,0
68808,0
68816,0
68818,0
68820,0
68833,1
68854,0
68856,1
68859,0
68862,0
68873,0
68876,0
68883,0
68892,0
68893,0
68897,0
68906,0
68909,0
68910,1
68912,1
68913,0
68915,0
68917,0
68933,0
68935,0
68946,1
68953,0
68956,1
68960,0
68964,0
68967,1
68970,0
68979,0
68984,0
68985,0
68988,0
68989,0
68998,0
69000,0
69004,0
69006,0
69012,0
69016,0
69019,0
69022,0
69023,1
69032,1
69037,0
69040,0
69041,0
69045,0
69050,0
69055,0
69062,1
69064,1
69074,1
69078,0
69079,1
69080,0
69092,0
69093,0
69096,1
69102,1
69105,0
69117,0
69118,0
69128,0
69130,0
69134,0
69135,1
69141,0
69143,0
69156,1
69158,1
69177,0
69182,0
69186,0
69192,0
69194,0
69198,0
69200,0
69202,0
69204,1
69205,0
69207,0
69210,0
69214,0
69218,0
69219,1
69221,0
69223,0
69227,1
69229,1
69233,0
69244,0
69257,0
69258,0
69265,0
69266,0
69268,1
69271,0
69272,0
69284,0
69287,0
69288,0
69289,0
69295,0
69296,1
69298,0
69301,0
69308,0
69311,0
69320,0
69325,1
69330,0
69332,0
69336,1
69339,0
69343,0
69347,0
69352,0
69358,0
69359,0
69365,1
69370,0
69372,0
69373,0
69386,0
69392,1
69394,1
69397,0
69403,0
69410,0
69414,1
69417,0
69425,0
69434,1
69442,0
69451,1
69454,0
69456,0
69457,1
69467,1
69468,0
69470,0
69471,0
69477,1
69480,1
69481,1
69482,0
69484,1
69494,0
69503,1
69504,0
69505,0
69511,1
69513,0
69515,1
69516,0
69519,0
69520,0
69526,1
69528,1
69533,0
69537,0
69540,0
69551,0
69556,0
69559,0
69566,0
69568,0
69569,0
69571,0
69576,0
69587,0
69592,0
69595,0
69598,1
69601,0
69605,0
69606,0
69610,0
69612,0
69615,0
69620,0
69628,0
69633,0
69639,0
69641,0
69649,1
69650,1
69657,1
69658,0
69662,0
69664,0
69667,0
69673,1
69679,0
69683,0
69687,0
69690,1
69692,0
69702,1
69704,0
69712,0
69715,0
69723,0
69724,0
69727,0
69730,1
69733,0
69735,0
69739,1
69741,0
69742,1
69743,0
69745,0
69746,1
69749,1
69750,0
69755,0
69762,0
69764,1
69765,1
69779,0
69783,0
69791,0
69794,1
69795,0
69799,0
69805,0
69807,0
69809,0
69811,0
69814,0
69824,0
69828,0
69829,0
69830,0
69833,0
69836,0
69841,0
69846,1
69851,0
69854,0
69856,0
69857,1
69858,0
69861,0
69870,0
69875,0
69878,0
69886,0
69895,1
69898,0
69906,0
69911,0
69912,0
69914,0
69920,0
69924,1
69929,0
69930,0
69932,1
69934,0
69943,0
69947,0
69948,0
69950,0
69953,0
69954,0
69956,0
69963,0
69965,0
69966,0
69974,0
69976,1
69981,1
69986,0
69995,0
69996,0
70007,1
70017,0
70021,0
70023,0
70025,1
70026,1
70032,0
70036,0
70037,0
70039,1
70040,0
70041,0
70043,0
70044,0
70046,1
70054,0
70056,0
70058,1
70070,1
70078,0
70080,0
70085,1
70088,0
70089,0
70095,0
70097,1
70107,0
70109,0
70112,0
70114,0
70117,0
70121,1
70131,1
70133,0
70148,1
70150,0
70152,0
70160,1
70164,0
70165,0
70166,0
70168,1
70170,0
70183,0
70184,1
70187,0
70188,0
70194,1
70195,0
70203,0
70204,0
70222,0
70225,1
70227,0
70230,0
70231,0
70232,0
70240,0
70251,1
70253,0
70254,0
70256,0
70259,0
70262,1
70263,0
70264,0
70267,0
70268,0
70269,0
70270,0
70271,0
70279,0
70284,1
70289,0
70291,0
70295,0
70300,1
70301,0
70308,0
70310,1
70311,0
70334,0
70337,0
70338,0
70341,0
70346,0
70347,0
70348,0
70353,1
70359,1
70363,1
70364,1
70366,0
70367,0
70371,0
70384,0
70396,0
70399,0
70412,1
70415,0
70416,1
70418,1
70419,0
70423,0
70426,0
70427,1
70428,1
70431,0
70432,0
70437,0
70440,0
70441,0
70445,1
70447,1
70449,1
70450,0
70452,0
70453,1
70454,0
70457,1
70460,1
70468,0
70469,0
70474,1
70480,0
70484,0
70488,1
70493,0
70496,0
70497,0
70498,0
70499,1
70502,0
70511,1
70513,1
70521,1
70528,1
70535,0
70537,0
70546,1
70553,0
70554,0
70560,0
70564,0
70568,0
70571,0
70575,0
70576,0
70580,0
70581,0
70582,0
70583,1
70584,1
70589,0
70590,0
70593,1
70597,1
70617,1
70618,0
70620,0
70621,0
70623,0
70628,0
70629,1
70634,0
70635,0
70641,0
70644,0
70645,0
70653,0
70655,0
70659,0
70660,0
70663,1
70665,0
70667,0
70668,0
70694,0
70695,1
70700,0
70702,1
70703,0
70704,0
70706,0
70708,0
70718,0
70719,0
70723,0
70724,1
70726,0
70729,0
70731,1
70733,0
70737,0
70740,0
70742,1
70745,1
70748,0
70750,0
70754,0
70760,0
70761,1
70765,0
70767,0
70768,0
70769,1
70771,0
70774,1
70776,0
70777,0
70790,0
70792,0
70793,0
70800,1
70805,0
70807,0
70811,0
70820,1
70827,1
70833,0
70836,1
70840,0
70843,0
70845,0
70847,0
70852,0
70862,0
70865,1
70868,1
70870,0
70878,0
70881,0
70882,1
70885,1
70887,0
70889,1
70895,0
70896,1
70897,0
70899,0
70909,0
70919,0
70920,0
70926,0
70927,0
70929,1
70933,1
70934,0
70937,1
70943,1
70948,0
70949,0
70952,1
70967,0
70975,0
70982,0
70986,0
70995,0
71010,0
71012,1
71015,0
71021,0
71023,0
71029,0
71032,0
71033,0
71040,0
71043,0
71044,1
71054,1
71056,1
71073,1
71083,0
71091,0
71093,1
71095,0
71096,1
71101,0
71103,0
71105,0
71108,1
71109,1
71116,0
71121,0
71122,0
71131,1
71132,0
71135,0
71139,0
71145,1
71146,0
71149,0
71151,0
71152,0
71153,0
71154,0
71157,0
71165,0
71166,1
71167,1
71168,1
71177,0
71178,0
71179,0
71184,1
71189,0
71192,1
71202,0
71205,0
71206,0
71214,0
71219,1
71220,0
71222,0
71226,0
71227,1
71231,0
71242,0
71244,0
71246,1
71250,0
71254,1
71255,0
71263,0
71265,1
71268,1
71279,0
71280,0
71283,1
71284,1
71285,0
71293,0
71296,1
71300,1
71311,0
71317,0
71318,0
71320,0
71340,1
71343,0
71345,1
71348,0
71349,1
71350,0
71352,0
71360,0
71361,0
71366,1
71367,1
71369,0
71370,0
71371,0
71381,0
71386,0
71387,1
71390,1
71391,0
71405,0
71412,0
71415,0
71418,1
71422,1
71426,0
71427,0
71429,0
71430,0
71435,0
71442,1
71447,1
71455,0
71456,0
71457,0
71462,0
71464,1
71468,0
71470,1
71475,0
71477,1
71480,0
71491,0
71493,0
71494,1
71499,1
71506,0
71509,0
71519,0
71521,0
71525,0
71530,0
71533,0
71542,1
71556,0
71570,0
71572,0
71573,1
71576,0
71579,0
71585,1
71590,0
71593,1
71596,0
71599,0
71603,0
71605,1
71607,0
71608,0
71611,1
71633,0
71634,1
71656,0
71657,0
71660,0
71661,0
71669,0
71676,0
71683,0
71688,0
71690,0
71691,0
71697,0
71703,0
71705,1
71706,0
71708,0
71719,0
71729,1
71734,0
71735,1
71736,0
71740,0
71741,0
71743,0
71744,0
71747,0
71752,1
71756,1
71759,0
71771,0
71772,0
71776,0
71782,0
71786,0
71787,0
71788,1
71791,0
71796,0
71798,0
71800,0
71805,0
71807,0
71816,0
71822,0
71831,0
71834,0
71835,0
71840,0
71846,0
71849,0
71858,1
71870,0
71875,0
71877,1
71883,1
71886,1
71888,0
71889,0
71902,0
71908,0
71918,0
71930,0
71931,0
71948,0
71950,1
71957,0
71958,0
71962,0
71965,0
71967,1
71971,0
71975,1
71977,1
71987,1
71988,0
71989,0
71990,0
71992,0
71996,1
72001,0
72008,0
72009,1
72011,0
72032,0
72034,0
72047,1
72054,0
72060,0
72061,0
72066,0
72067,0
72071,0
72079,0
72080,0
72082,0
72095,0
72098,0
72106,0
72107,0
72114,1
72115,0
72122,0
72123,1
72128,0
72132,1
72135,1
72136,1
72137,1
72138,0
72151,0
72152,0
72161,1
72167,1
72170,0
72172,1
72173,0
72174,1
72175,0
72180,0
72184,0
72185,1
72192,0
72197,0
72202,0
72205,0
72214,0
72215,0
72223,1
72226,0
72229,0
72231,0
72237,0
72238,1
72239,1
72241,0
72242,0
72255,0
72261,0
72262,0
72264,0
72286,1
72292,0
72294,1
72295,0
72300,0
72308,0
72311,0
72314,1
72315,0
72316,1
72322,0
72327,1
72328,0
72331,0
72337,0
72338,0
72342,0
72344,0
72345,0
72346,0
72350,0
72357,0
72358,0
72359,1
72361,0
72366,1
72368,0
72377,0
72382,0
72385,0
72386,0
72389,0
72393,0
72396,0
72399,0
72407,0
72408,0
72409,1
72418,0
72419,0
72420,0
72421,1
72425,0
72434,0
72435,0
72438,0
72441,1
72449,0
72453,1
72462,1
72484,0
72485,0
72489,0
72492,1
72495,1
72497,1
72498,0
72500,0
72503,0
72504,0
72505,0
72506,0
72508,1
72517,0
72519,1
72521,1
72523,0
72526,0
72530,0
72531,0
72535,0
72536,0
72537,1
72538,1
72539,0
72541,0
72549,0
72553,0
72555,0
72564,0
72566,1
72578,1
72582,1
72592,0
72593,0
72597,0
72598,0
72605,1
72606,1
72613,0
72615,0
72617,0
72618,0
72621,0
72625,0
72632,1
72637,0
72638,0
72655,0
72656,0
72662,0
72665,1
72670,1
72677,0
72683,0
72684,1
72687,0
72701,0
72706,0
72709,0
72711,0
72714,1
72716,0
72727,0
72729,0
72732,0
72748,1
72749,0
72751,0
72754,0
72755,0
72756,0
72760,0
72771,0
72773,1
72775,0
72776,0
72777,1
72781,0
72786,0
72790,1
72799,0
72801,0
72803,0
72805,1
72806,0
72809,0
72816,0
72817,0
72831,0
72832,0
72835,0
72840,0
72846,1
72848,0
72851,0
72863,0
72888,1
72893,0
72896,1
72898,0
72901,1
72908,0
72915,0
72917,1
72920,0
72921,0
72927,0
72938,0
72943,0
72948,1
72949,0
72954,1
72961,0
72970,0
72976,0
72978,0
72990,0
72991,0
72992,0
72995,0
73001,0
73009,0
73010,1
73014,0
73017,0
73020,0
73022,0
73028,1
73035,1
73037,0
73040,0
73044,0
73055,0
73057,0
73061,0
73073,1
73075,1
73083,0
73086,0
73089,0
73101,0
73119,0
73125,0
73127,0
73131,0
73133,1
73134,0
73138,0
73142,0
73150,0
73151,0
73154,0
73157,0
73166,1
73169,0
73176,0
73180,0
73181,0
73182,1
73186,1
73187,0
73192,0
73193,0
73204,0
73206,0
73207,0
73209,0
73210,0
73211,1
73214,0
73216,0
73222,0
73228,1
73233,0
73239,0
73241,1
73248,0
73249,0
73251,0
73252,1
73253,0
73257,1
73261,0
73264,0
73267,0
73269,0
73279,0
73284,1
73296,1
73297,0
73305,0
73308,0
73311,0
73312,1
73316,1
73319,1
73322,1
73326,1
73332,1
73333,0
73336,0
73339,1
73340,0
73343,0
73344,1
73346,1
73360,0
73369,0
73370,0
73375,0
73381,1
73387,0
73388,0
73390,0
73392,0
73396,0
73397,0
73402,1
73403,1
73404,0
73406,0
73413,0
73425,0
73431,1
73437,0
73439,0
73440,1
73446,1
73450,0
73458,0
73464,0
73466,1
73468,0
73477,1
73484,0
73489,0
73490,0
73492,0
73493,0
73496,0
73497,0
73499,1
73501,0
73502,0
73505,0
73509,0
73512,1
73513,0
73514,0
73520,0
73521,0
73522,0
73529,0
73533,1
73534,0
73540,1
73541,0
73545,1
73556,0
73560,0
73563,0
73564,0
73569,0
73571,1
73578,0
73579,0
73580,1
73583,0
73585,0
73591,0
73598,0
73600,0
73608,0
73610,1
73612,0
73620,0
73623,0
73624,1
73628,1
73638,0
73640,0
73641,0
73649,0
73655,0
73656,0
73657,0
73659,1
73660,1
73661,0
73665,0
73671,0
73679,0
73681,1
73682,0
73688,1
73695,0
73696,1
73698,1
73700,1
73701,1
73702,0
73705,0
73711,0
73713,0
73717,1
73723,0
73724,0
73729,1
73735,0
73736,0
73743,0
73750,0
73758,0
73760,0
73761,1
73762,0
73766,0
73770,1
73781,0
73782,1
73787,0
73789,0
73791,1
73792,0
73793,0
73796,0
73802,0
73806,1
73809,0
73813,1
73818,0
73832,0
73834,0
73837,0
73838,1
73840,0
73846,0
73849,0
73854,0
73873,0
73876,0
73878,1
73880,1
73884,0
73885,1
73887,0
73891,0
73892,0
73893,0
73895,0
73897,0
73903,0
73907,0
73908,0
73914,0
73915,0
73916,1
73920,0
73932,0
73933,0
73936,0
73937,0
73939,0
73940,0
73942,1
73943,0
73948,1
73949,0
73951,0
73955,0
73956,1
73971,0
73972,0
73975,0
73976,0
73984,0
73985,0
73986,0
73989,0
73991,0
73992,0
73993,1
73998,1
74000,1
74001,1
74003,0
74008,0
74009,0
74010,0
74011,0
74016,1
74018,1
74019,0
74030,0
74033,0
74042,0
74045,1
74050,1
74061,0
74064,0
74066,0
74071,0
74074,0
74075,0
74083,0
74086,0
74090,0
74093,0
74101,0
74104,0
74105,0
74106,0
74113,0
74114,0
74115,0
74123,1
74130,0
74133,0
74135,1
74137,0
74138,0
74145,0
74154,0
74158,0
74160,0
74162,0
74164,0
74166,0
74167,0
74170,0
74173,0
74176,0
74177,1
74181,0
74182,0
74186,0
74189,0
74197,0
74201,0
74202,1
74209,0
74210,1
74211,1
74215,0
74216,0
74217,0
74221,0
74226,0
74231,0
74233,1
74234,1
74235,0
74237,0
74240,1
74247,0
74248,0
74249,0
74251,1
74252,1
74261,0
74263,0
74265,1
74268,0
74271,1
74273,0
74279,1
74281,0
74284,0
74287,0
74292,1
74296,0
74297,0
74298,0
74303,0
74304,0
74310,0
74311,0
74323,0
74326,0
74328,0
74330,1
74331,0
74332,0
74339,0
74351,0
74352,1
74362,0
74363,1
74371,0
74374,0
74375,1
74377,1
74378,1
74388,0
74390,1
74395,0
74398,0
74400,1
74402,1
74403,0
74407,0
74411,0
74413,0
74414,1
74420,0
74421,0
74424,0
74426,0
74427,1
74428,0
74434,0
74435,1
74438,0
74440,0
74443,0
74446,0
74454,0
74456,0
74471,1
74478,0
74480,1
74481,1
74482,0
74490,1
74492,0
74500,0
74502,1
74503,0
74507,0
74511,0
74519,1
74520,1
74523,0
74525,0
74527,0
74534,1
74537,0
74544,0
74549,0
74559,0
74562,0
74567,0
74570,0
74587,0
74588,0
74593,0
74607,1
74608,0
74609,0
74613,1
74616,1
74629,0
74630,1
74632,1
74634,0
74635,1
74637,1
74639,0
74643,0
74645,0
74650,0
74678,0
74680,1
74685,1
74688,0
74693,0
74702,0
74706,0
74709,0
74716,1
74721,0
74722,0
74727,0
74728,1
74729,1
74732,1
74739,0
74744,1
74745,0
74767,0
74769,1
74771,0
74795,0
74804,0
74805,0
74809,0
74810,0
74813,0
74815,1
74823,0
74826,0
74829,0
74836,0
74837,1
74838,0
74839,0
74840,0
74855,0
74859,0
74862,0
74864,0
74872,0
74875,0
74877,0
74879,0
74880,0
74883,0
74889,1
74895,0
74907,0
74914,0
74915,0
74919,0
74920,0
74921,0
74931,0
74937,0
74938,0
74939,0
74940,1
74942,1
74943,0
74947,0
74954,1
74956,1
74958,0
74960,1
74961,0
74969,0
74970,0
74973,0
74974,0
74976,0
74979,1
74980,1
74981,0
74983,1
74984,0
74988,0
74993,0
74995,0
74997,0
75001,1
75006,0
75007,0
75015,0
75017,1
75024,0
75026,0
75029,0
75037,0
75038,0
75040,0
75045,0
75046,0
75056,0
75057,0
75062,0
75063,0
75065,0
75070,1
75074,0
75076,0
75077,0
75083,1
75085,0
75090,0
75093,0
75094,0
75097,0
75098,1
75107,1
75109,0
75111,1
75112,0
75118,0
75124,1
75125,1
75136,0
75166,0
75171,0
75181,1
75186,0
75190,1
75199,0
75202,0
75204,0
75206,1
75207,0
75211,0
75218,1
75227,0
75228,0
75232,1
75234,0
75235,0
75238,1
75241,1
75251,0
75252,0
75253,0
75256,0
75258,0
75270,0
75272,0
75275,1
75276,1
75282,0
75285,0
75289,1
75290,1
75294,0
75299,0
75307,0
75316,1
75317,1
75332,0
75333,0
75334,1
75338,0
75339,0
75345,1
75348,0
75356,0
75357,0
75370,0
75377,0
75379,0
75380,1
75382,0
75388,0
75389,0
75390,1
75395,0
75397,0
75400,0
75401,0
75402,0
75403,0
75407,0
75409,0
75413,0
75416,1
75424,0
75432,0
75440,0
75441,1
75442,0
75446,0
75451,0
75456,1
75459,1
75460,0
75461,0
75462,0
75465,1
75470,0
75474,0
75475,0
75477,0
75478,0
75480,0
75483,1
75486,0
75487,0
75489,0
75491,0
75499,0
75504,0
75506,0
75508,1
75511,0
75515,0
75516,0
75526,0
75531,0
75533,0
75534,0
75535,1
75536,0
75543,0
75551,1
75552,0
75554,1
75555,1
75558,0
75562,0
75569,0
75572,0
75577,0
75589,0
75595,0
75596,0
75600,0
75602,0
75610,0
75617,1
75624,1
75626,1
75628,1
75630,0
75633,0
75637,0
75639,0
75645,0
75647,0
75649,1
75652,0
75653,0
75658,1
75659,0
75662,0
75663,1
75668,1
75669,0
75678,0
75679,0
75683,0
75685,0
75689,0
75692,1
75693,0
75701,0
75709,0
75717,0
75719,1
75720,1
75729,0
75736,0
75738,0
75748,1
75774,0
75778,0
75781,0
75786,0
75793,1
75799,0
75802,0
75808,0
75809,0
75814,1
75822,0
75824,0
75828,0
75829,0
75830,1
75837,0
75840,0
75842,0
75845,1
75849,0
75850,1
75855,0
75858,0
75860,1
75873,0
75876,1
75883,1
75884,0
75885,0
75888,0
75891,0
75893,0
75894,0
75896,0
75899,0
75902,1
75904,0
75906,1
75910,0
75918,0
75920,0
75924,0
75925,1
75926,0
75929,0
75933,1
75936,0
75939,0
75943,1
75947,1
75950,0
75952,0
75965,0
75967,0
75977,0
75984,1
75986,0
75997,0
76001,0
76008,0
76011,0
76013,0
76019,1
76020,0
76022,0
76023,0
76040,1
76044,0
76046,0
76052,0
76054,1
76055,0
76056,0
76062,0
76065,0
76073,0
76079,0
76080,1
76083,0
76084,1
76085,0
76087,0
76088,0
76090,0
76091,0
76092,0
76097,0
76103,0
76104,0
76110,0
76112,0
76113,0
76120,0
76123,0
76124,0
76127,0
76129,0
76135,1
76138,0
76141,1
76142,0
76145,0
76151,0
76153,1
76160,0
76163,0
76166,0
76171,0
76172,0
76190,0
76191,0
76196,0
76200,0
76205,1
76210,1
76211,0
76215,0
76220,0
76222,1
76223,0
76224,0
76225,0
76227,0
76230,0
76234,0
76240,0
76254,1
76256,0
76259,0
76260,0
76261,0
76264,0
76283,0
76284,0
76287,0
76288,0
76296,0
76299,0
76301,1
76302,0
76303,0
76304,0
76305,1
76310,1
76317,0
76319,0
76322,0
76324,1
76325,0
76328,0
76329,1
76333,0
76334,0
76340,1
76342,1
76348,0
76350,0
76356,0
76364,0
76368,0
76372,0
76373,0
76378,1
76384,1
76386,0
76391,1
76393,1
76394,0
76403,1
76413,0
76417,0
76420,0
76424,0
76429,0
76430,0
76433,1
76447,0
76455,0
76472,0
76474,0
76476,0
76483,0
76484,0
76488,1
76502,0
76503,0
76507,0
76511,0
76513,0
76517,0
76519,0
76522,1
76527,0
76533,0
76534,0
76544,0
76545,1
76548,0
76549,1
76553,0
76555,0
76557,0
76558,0
76560,1
76572,0
76573,1
76575,0
76580,0
76581,1
76591,1
76592,0
76597,0
76598,1
76609,0
76612,1
76615,0
76616,0
76618,1
76620,0
76625,0
76630,0
76634,1
76635,1
76638,1
76639,0
76640,0
76641,0
76642,1
76660,0
76663,0
76670,1
76672,0
76675,0
76682,0
76684,1
76687,0
76688,0
76689,0
76691,1
76692,0
76699,0
76706,1
76708,1
76709,0
76713,0
76714,0
76716,0
76730,1
76732,1
76736,1
76737,0
76738,1
76752,1
76754,0
76758,1
76766,1
76768,0
76769,1
76771,0
76775,1
76778,0
76783,0
76790,1
76791,0
76796,0
76800,1
76802,0
76804,1
76812,1
76815,0
76816,1
76818,0
76824,0
76825,1
76826,0
76828,0
76829,1
76832,0
76836,0
76838,0
76847,1
76857,0
76862,0
76865,0
76871,0
76872,0
76873,0
76874,0
76876,1
76882,1
76887,0
76888,0
76889,0
76893,0
76894,0
76901,1
76913,0
76922,0
76923,1
76927,0
76934,0
76938,1
76942,1
76943,0
76945,0
76949,0
76955,0
76956,0
76972,1
76976,0
76978,0
76984,0
76986,0
76992,1
76998,1
76999,0
77009,1
77010,0
77012,0
77018,0
77022,0
77023,0
77025,0
77030,1
77038,0
77041,1
77045,0
77053,0
77059,0
77061,0
77065,0
77066,0
77069,1
77077,0
77082,0
77087,0
77092,1
77095,0
77101,1
77108,0
77119,0
77123,0
77124,0
77129,0
77130,0
77131,0
77135,0
77139,0
77141,0
77147,1
77149,1
77151,0
77152,1
77165,0
77166,1
77169,1
77171,1
77172,0
77175,1
77177,0
77179,1
77185,0
77187,0
77190,0
77197,0
77199,0
77200,1
77205,0
77206,0
77207,1
77209,1
77214,0
77217,0
77219,1
77220,0
77221,0
77222,0
77226,0
77229,0
77230,1
77234,0
77242,1
77244,0
77249,0
77254,1
77256,0
77271,0
77272,0
77276,0
77281,0
77282,0
77285,0
77290,0
77302,0
77304,1
77306,1
77310,1
77315,0
77326,0
77328,0
77338,0
77339,0
77367,0
77375,0
77376,0
77377,0
77379,0
77383,0
77388,1
77390,1
77393,1
77394,0
77399,1
77404,0
77406,0
77407,0
77410,0
77415,1
77423,0
77426,0
77431,0
77433,0
77445,1
77453,0
77455,1
77459,0
77469,0
77475,0
77476,0
77477,1
77479,1
77483,0
77494,0
77495,0
77497,1
77511,0
77515,0
77516,0
77518,0
77523,1
77529,0
77533,0
77534,0
77541,0
77549,0
77553,0
77559,0
77563,0
77564,1
77571,1
77581,1
77586,1
77587,0
77589,0
77595,1
77600,1
77601,0
77603,0
77609,0
77610,0
77619,0
77623,0
77625,0
77626,0
77632,1
77635,0
77657,0
77668,0
77672,0
77674,0
77682,0
77697,1
77699,0
77700,0
77707,1
77711,1
77714,0
77716,0
77717,0
77721,0
77737,0
77739,0
77741,0
77742,0
77746,0
77747,0
77749,0
77759,0
77764,1
77771,1
77776,0
77780,1
77785,0
77786,0
77789,0
77793,0
77794,1
77801,0
77807,1
77817,0
77823,0
77827,1
77834,0
77835,0
77836,0
77838,0
77849,0
77854,1
77855,0
77862,0
77865,0
77870,1
77871,0
77877,1
77888,0
77892,0
77895,0
77899,0
77910,1
77924,0
77926,0
77931,0
77933,0
77946,1
77948,0
77949,0
77959,1
77962,0
77965,1
77976,0
77979,0
77982,1
77987,0
77996,1
77998,1
78001,0
78009,0
78011,1
78015,1
78017,1
78027,0
78031,1
78034,1
78036,1
78039,0
78040,0
78041,1
78044,0
78045,0
78046,0
78049,0
78055,0
78057,0
78061,1
78073,0
78079,1
78080,0
78083,0
78088,1
78092,0
78094,1
78100,1
78103,0
78105,0
78116,0
78117,0
78121,0
78128,0
78130,0
78131,0
78133,0
78138,0
78140,1
78142,0
78145,0
78147,1
78150,1
78151,0
78152,0
78154,0
78161,1
78163,0
78167,0
78169,0
78172,0
78174,0
78176,0
78178,0
78180,1
78182,0
78184,0
78196,0
78197,0
78199,0
78205,0
78220,0
78223,0
78226,0
78238,0
78240,1
78244,0
78245,1
78246,0
78249,1
78252,0
78256,0
78258,0
78259,0
78266,1
78270,1
78274,0
78279,0
78289,0
78291,0
78302,1
78305,0
78306,1
78307,1
78326,0
78328,0
78329,1
78331,1
78332,1
78333,0
78337,0
78338,0
78339,0
78347,0
78348,1
78355,0
78359,0
78365,0
78366,0
78368,1
78379,0
78385,0
78388,0
78399,0
78400,0
78401,0
78403,0
78405,0
78409,0
78412,0
78419,1
78423,0
78425,1
78427,1
78429,0
78432,0
78435,0
78437,0
78439,0
78444,1
78450,1
78457,0
78459,0
78462,1
78464,1
78465,0
78469,1
78477,0
78480,0
78484,1
78487,0
78492,1
78494,0
78500,0
78501,1
78504,0
78505,0
78516,0
78517,0
78521,0
78535,0
78545,0
78547,0
78550,1
78551,0
78554,0
78566,0
78568,1
78570,0
78575,0
78577,0
78584,1
78585,0
78590,0
78591,0
78602,0
78604,1
78605,1
78607,0
78613,0
78617,0
78619,1
78626,0
78629,0
78636,0
78637,0
78638,0
78648,0
78657,0
78660,0
78661,1
78669,0
78671,0
78679,0
78681,0
78682,1
78686,0
78687,0
78694,0
78705,1
78706,0
78707,0
78711,0
78719,1
78723,0
78729,0
78735,1
78743,1
78745,1
78746,0
78747,1
78755,0
78756,1
78762,1
78764,0
78775,0
78776,0
78777,0
78778,0
78790,0
78792,0
78794,0
78795,0
78798,0
78801,0
78804,0
78808,1
78809,1
78812,0
78813,1
78814,0
78816,0
78831,0
78832,0
78840,1
78841,0
78855,1
78862,0
78865,0
78867,1
78871,0
78885,0
78890,0
78891,1
78893,1
78898,0
78902,0
78909,0
78915,0
78916,1
78922,0
78923,0
78929,1
78936,0
78937,0
78940,0
78942,0
78945,1
78946,0
78948,0
78952,0
78954,0
78957,0
78962,1
78964,0
78970,1
78971,0
78974,0
78975,1
78979,0
78982,0
78988,1
78995,0
78998,0
79007,0
79010,1
79012,1
79015,1
79016,0
79018,1
79019,0
79025,0
79027,1
79031,0
79047,0
79048,0
79051,1
79057,0
79058,1
79065,0
79069,0
79071,0
79076,1
79083,0
79086,1
79091,1
79092,1
79093,0
79104,0
79107,0
79113,0
79116,0
79120,0
79125,1
79135,0
79136,0
79138,0
79147,0
79154,0
79164,1
79169,0
79175,0
79179,1
79180,0
79182,0
79183,1
79184,0
79186,0
79187,1
79190,0
79194,0
79195,1
79196,0
79202,0
79203,0
79204,1
79206,0
79212,0
79221,0
79222,0
79236,0
79239,0
79240,1
79244,0
79245,0
79247,0
79249,0
79252,1
79254,1
79263,0
79265,0
79266,1
79270,0
79271,0
79274,0
79276,0
79280,0
79283,0
79292,0
79294,1
79299,0
79300,0
79301,0
79302,0
79306,0
79307,0
79309,1
79311,0
79314,1
79316,0
79317,0
79318,1
79320,0
79321,0
79324,0
79325,1
79330,0
79334,0
79335,0
79338,0
79339,1
79342,0
79345,1
79349,1
79350,0
79364,1
79375,0
79378,0
79379,0
79390,0
79401,0
79403,0
79405,0
79409,0
79417,1
79419,1
79430,0
79431,0
79436,0
79441,0
79442,0
79443,1
79449,0
79450,0
79451,1
79458,0
79465,0
79467,0
79477,0
79478,1
79481,0
79486,1
79489,0
79495,0
79508,0
79514,0
79515,0
79521,0
79522,1
79523,0
79527,0
79535,0
79536,1
79538,0
79540,0
79543,0
79550,0
79551,1
79553,0
79556,0
79557,0
79564,0
79569,0
79574,1
79575,0
79576,1
79583,1
79584,0
79587,1
79589,0
79594,1
79595,0
79596,1
79599,1
79601,0
79604,0
79607,0
79609,1
79611,1
79616,1
79619,1
79620,0
79622,0
79624,1
79626,0
79637,0
79639,0
79640,0
79642,1
79655,0
79663,0
79667,0
79671,0
79680,1
79687,0
79692,0
79695,1
79697,0
79702,0
79705,1
79707,0
79711,1
79712,0
79713,1
79715,0
79716,0
79717,1
79722,0
79725,0
79731,0
79733,1
79735,0
79751,0
79755,0
79756,0
79757,0
79764,1
79769,0
79770,0
79773,1
79779,0
79780,0
79793,1
79794,0
79795,0
79799,0
79800,0
79805,0
79808,0
79810,1
79815,0
79819,0
79823,0
79825,0
79828,0
79835,1
79840,0
79843,0
79847,0
79850,0
79855,0
79863,0
79867,1
79871,0
79876,0
79880,0
79884,0
79889,0
79897,0
79898,0
79901,0
79907,0
79909,1
79918,0
79919,0
79925,1
79931,0
79934,1
79936,0
79947,0
79952,1
79954,0
79959,0
79965,1
79970,1
79974,1
79978,1
79979,0
79980,1
79987,0
79996,1
80000,1
80002,0
80007,0
80013,1
80014,0
80028,0
80031,0
80036,0
80041,0
80044,0
80048,0
80067,1
80075,0
80076,0
80078,0
80079,0
80081,1
80083,0
80086,0
80088,0
80091,0
80095,0
80097,0
80106,1
80113,0
80117,0
80119,0
80120,0
80125,0
80126,0
80127,1
80134,1
80137,0
80139,0
80143,0
80146,0
80151,0
80154,1
80160,0
80162,0
80164,0
80165,0
80170,0
80171,1
80172,0
80173,1
80175,0
80176,1
80177,0
80179,0
80180,0
80186,0
80188,0
80191,0
80193,0
80199,0
80200,0
80204,1
80207,0
80209,0
80213,0
80214,0
80215,0
80217,0
80218,0
80219,0
80224,0
80225,1
80227,1
80229,0
80230,1
80232,0
80233,0
80245,0
80254,0
80260,0
80265,1
80268,1
80271,0
80276,0
80283,0
80286,0
80287,1
80290,0
80292,0
80297,0
80298,1
80302,0
80305,0
80309,0
80318,1
80324,0
80326,1
80332,1
80333,0
80336,0
80337,0
80346,0
80350,1
80362,0
80369,0
80370,0
80376,0
80378,0
80379,1
80381,0
80382,0
80384,0
80386,1
80388,0
80390,0
80398,0
80402,0
80403,1
80407,0
80414,0
80423,1
80425,1
80426,1
80430,0
80433,0
80439,0
80440,0
80443,0
80446,0
80454,0
80455,1
80465,0
80467,0
80468,0
80480,0
80482,0
80487,0
80493,0
80499,0
80505,1
80507,0
80508,0
80511,0
80513,1
80518,0
80523,0
80525,0
80531,0
80535,0
80540,0
80545,0
80559,0
80565,0
80566,0
80567,0
80572,1
80574,0
80578,0
80579,0
80580,0
80581,0
80584,0
80587,0
80588,0
80589,0
80594,0
80596,1
80597,0
80599,0
80601,1
80609,0
80614,1
80625,0
80631,1
80633,0
80634,0
80640,1
80641,0
80648,0
80652,0
80654,1
80663,0
80665,0
80667,0
80669,0
80670,0
80671,1
80672,0
80674,1
80677,1
80683,0
80692,0
80694,1
80695,1
80703,0
80704,0
80710,1
80713,0
80716,0
80724,0
80725,0
80727,1
80731,0
80735,1
80742,0
80743,0
80746,0
80748,0
80750,0
80755,0
80760,0
80764,1
80766,0
80772,0
80773,0
80784,0
80788,1
80793,0
80794,0
80796,0
80798,0
80805,0
80812,0
80821,0
80825,0
80826,0
80827,0
80829,0
80834,0
80840,1
80841,0
80842,0
80844,0
80847,0
80848,0
80850,0
80852,1
80854,0
80858,0
80860,0
80861,0
80862,0
80863,0
80865,0
80875,0
80878,1
80879,0
80885,0
80889,0
80892,0
80901,0
80917,0
80918,0
80922,0
80925,0
80926,0
80930,0
80931,0
80936,0
80940,0
80942,0
80944,1
80948,0
80953,1
80969,1
80970,0
80971,0
80972,0
80975,1
80976,1
80984,1
80989,0
80999,0
81002,0
81006,0
81014,0
81016,0
81020,0
81022,0
81023,0
81027,0
81032,1
81033,0
81036,0
81039,0
81041,1
81044,1
81046,0
81052,0
81059,0
81060,1
81061,0
81063,0
81070,0
81071,0
81077,0
81083,1
81085,1
81091,0
81095,0
81096,0
81100,0
81101,0
81102,0
81103,0
81107,0
81108,0
81115,0
81125,0
81126,0
81132,1
81134,1
81140,0
81141,1
81144,0
81149,0
81155,0
81162,0
81168,1
81169,0
81173,0
81174,1
81175,1
81186,0
81187,0
81189,0
81198,0
81204,0
81212,0
81213,0
81217,0
81221,0
81225,1
81227,0
81229,0
81230,0
81232,1
81233,1
81236,0
81244,0
81248,1
81254,0
81257,0
81261,0
81262,0
81266,1
81267,0
81268,0
81269,0
81275,0
81281,0
81286,0
81289,0
81292,0
81296,0
81305,0
81309,1
81314,0
81317,0
81319,0
81320,0
81324,1
81325,0
81326,0
81330,0
81336,0
81347,0
81348,0
81350,0
81352,0
81353,0
81357,0
81358,0
81361,0
81365,0
81383,0
81385,0
81393,0
81394,0
81402,0
81408,0
81409,0
81410,0
81411,0
81416,0
81423,0
81430,0
81432,1
81433,0
81435,1
81441,0
81445,0
81451,0
81452,0
81461,1
81465,1
81467,1
81473,0
81474,0
81479,0
81481,1
81496,1
81501,1
81508,0
81523,1
81526,0
81547,0
81554,0
81555,0
81564,0
81567,1
81571,0
81575,0
81576,0
81579,1
81581,0
81588,0
81591,0
81602,0
81612,1
81617,0
81622,1
81624,0
81625,0
81626,0
81628,0
81637,0
81638,0
81640,0
81649,0
81650,1
81656,0
81658,0
81666,1
81667,0
81671,1
81672,0
81676,0
81684,0
81690,0
81692,0
81693,0
81694,0
81698,0
81699,0
81701,0
81713,1
81714,0
81721,0
81725,0
81726,0
81727,0
81729,0
81731,0
81732,0
81746,0
81755,0
81760,0
81762,0
81765,0
81769,0
81770,0
81788,0
81789,1
81792,1
81797,0
81799,0
81807,0
81809,0
81812,0
81817,0
81819,0
81820,1
81822,0
81823,1
81831,0
81835,0
81838,0
81840,0
81846,0
81852,0
81853,1
81856,0
81861,0
81864,0
81866,1
81871,0
81875,0
81877,0
81881,0
81883,0
81884,0
81889,0
81890,0
81893,1
81895,0
81897,0
81898,0
81900,0
81902,0
81903,0
81904,0
81908,0
81910,1
81918,1
81919,0
81929,1
81934,0
81936,0
81946,0
81947,1
81949,0
81950,0
81952,0
81957,0
81962,0
81967,0
81969,1
81971,0
81976,0
81977,0
81981,0
81984,0
81989,1
81994,0
81997,0
81998,1
81999,0
82001,0
82002,1
82004,0
82005,0
82010,0
82018,0
82019,1
82021,1
82026,0
82027,0
82031,0
82033,0
82040,1
82041,0
82045,0
82050,1
82065,0
82067,0
82070,0
82078,1
82079,1
82082,0
82088,0
82096,0
82105,1
82107,0
82109,1
82115,1
82120,1
82126,1
82133,0
82134,1
82140,0
82147,1
82148,0
82151,0
82154,0
82156,0
82160,0
82162,1
82167,0
82168,0
82171,0
82173,1
82175,0
82183,0
82189,0
82191,0
82192,0
82193,0
82198,1
82202,0
82207,1
82212,0
82216,0
82217,0
82227,0
82229,1
82230,0
82231,0
82239,0
82241,0
82243,0
82245,0
82252,0
82254,1
82257,0
82258,0
82262,1
82268,0
82271,0
82275,0
82276,1
82302,1
82308,0
82309,0
82310,0
82311,0
82322,1
82324,1
82329,1
82330,0
82331,0
82336,1
82339,0
82344,0
82347,0
82348,1
82351,0
82353,0
82356,0
82357,0
82371,1
82372,0
82374,0
82376,1
82377,0
82378,0
82380,0
82383,0
82384,0
82385,0
82392,0
82398,1
82400,0
82405,0
82419,0
82420,0
82425,0
82430,1
82432,1
82434,1
82436,0
82439,1
82441,0
82442,0
82443,0
82449,1
82455,0
82456,0
82457,0
82461,0
82462,0
82466,1
82467,0
82468,0
82478,0
82484,0
82493,0
82495,0
82496,0
82502,0
82505,0
82510,1
82513,0
82517,0
82522,0
82527,0
82532,0
82537,0
82539,0
82540,0
82543,0
82546,0
82549,0
82550,0
82553,0
82555,0
82557,0
82562,0
82567,0
82581,0
82587,0
82591,0
82594,0
82597,0
82599,0
82600,0
82604,0
82609,0
82610,0
82613,0
82616,1
82622,0
82624,0
82627,0
82634,0
82636,0
82641,1
82643,0
82652,0
82655,0
82663,0
82665,0
82667,1
82675,0
82704,0
82706,1
82708,0
82709,0
82710,0
82717,0
82718,0
82726,1
82733,0
82734,0
82745,0
82747,0
82750,0
82753,1
82757,1
82767,1
82770,1
82772,0
82775,0
82781,0
82786,0
82791,0
82794,0
82795,0
82796,0
82799,0
82800,0
82801,0
82802,1
82804,1
82805,1
82810,1
82814,0
82816,1
82823,0
82824,1
82828,1
82829,0
82832,0
82835,0
82836,0
82838,0
82841,1
82843,0
82846,1
82848,0
82852,0
82855,0
82861,0
82866,1
82867,0
82871,0
82875,0
82876,1
82878,0
82888,0
82891,1
82892,0
82895,1
82900,1
82905,0
82907,1
82909,0
82910,1
82913,1
82917,1
82921,0
82924,0
82927,0
82934,0
82945,0
82948,0
82949,1
82956,0
82967,0
82972,0
82977,0
82978,0
82980,1
82981,0
82983,0
82988,0
82989,0
82990,0
82993,1
82995,0
82996,0
82998,1
83009,0
83010,0
83013,1
83015,1
83016,0
83020,0
83021,0
83029,1
83043,0
83048,1
83050,1
83052,0
83055,1
83056,0
83057,0
83060,0
83061,0
83066,0
83077,0
83081,0
83083,0
83094,0
83097,1
83098,0
83103,0
83104,0
83114,0
83117,0
83122,0
83127,0
83135,0
83138,0
83142,0
83144,0
83149,0
83165,1
83167,0
83171,1
83174,1
83178,0
83184,0
83191,0
83198,1
83203,0
83204,1
83205,1
83213,0
83218,0
83223,1
83230,0
83239,0
83240,0
83243,0
83244,1
83249,0
83252,0
83265,1
83266,0
83270,0
83272,0
83276,0
83279,0
83286,0
83289,0
83291,0
83294,1
83301,1
83303,0
83304,0
83306,0
83309,0
83311,1
83317,0
83333,0
83337,0
83352,0
83356,0
83358,1
83366,1
83370,0
83373,0
83375,0
83376,0
83379,1
83385,0
83399,0
83400,0
83403,0
83411,0
83423,0
83425,0
83430,0
83432,0
83445,0
83452,0
83453,0
83462,0
83465,1
83467,0
83469,0
83471,1
83474,1
83475,0
83479,0
83484,0
83499,0
83500,0
83507,0
83518,0
83523,0
83525,0
83531,0
83536,0
83538,0
83551,1
83562,0
83563,0
83564,0
83565,1
83570,0
83579,0
83580,1
83581,0
83586,1
83589,0
83592,0
83596,0
83597,1
83602,1
83608,1
83609,0
83610,0
83612,0
83615,0
83617,0
83620,0
83624,0
83629,1
83631,0
83633,0
83634,0
83636,0
83648,0
83650,0
83651,0
83655,0
83657,1
83666,0
83667,0
83669,1
83673,0
83675,0
83694,0
83701,0
83704,0
83708,0
83715,0
83719,0
83723,0
83724,0
83728,0
83735,0
83737,1
83740,1
83746,0
83751,0
83761,0
83762,1
83768,0
83771,0
83777,0
83783,0
83794,0
83796,1
83799,1
83805,0
83808,0
83814,0
83820,0
83827,0
83828,0
83831,0
83833,1
83834,0
83837,0
83838,0
83839,0
83840,0
83848,0
83849,1
83850,0
83855,0
83857,1
83858,1
83871,0
83883,0
83885,0
83890,0
83899,0
83906,0
83908,0
83909,0
83910,0
83911,0
83915,0
83918,0
83927,0
83929,0
83936,1
83946,1
83954,0
83955,1
83958,0
83961,0
83963,0
83965,0
83967,1
83972,0
83973,0
83975,0
83982,0
83983,0
83984,0
83992,0
83995,0
83998,0
84002,1
84012,0
84014,0
84017,0
84023,1
84026,1
84027,0
84028,1
84029,0
84037,0
84041,0
84046,0
84049,1
84052,0
84058,1
84060,1
84068,0
84071,1
84079,0
84081,0
84083,0
84084,0
84090,0
84095,0
84100,0
84105,0
84108,1
84114,0
84115,0
84118,0
84120,0
84130,0
84131,0
84135,1
84146,1
84148,0
84153,0
84154,0
84155,0
84162,0
84165,0
84168,0
84169,0
84172,0
84178,0
84182,1
84184,0
84186,1
84191,0
84200,0
84201,0
84202,0
84212,0
84215,0
84216,0
84223,0
84225,1
84232,1
84233,1
84234,0
84249,0
84251,0
84253,0
84265,0
84268,0
84275,0
84280,0
84290,1
84291,0
84293,0
84303,0
84308,0
84309,0
84315,0
84316,1
84330,0
84331,0
84334,0
84343,0
84347,0
84349,0
84350,0
84354,0
84355,0
84360,0
84370,0
84374,1
84378,0
84380,1
84384,1
84386,0
84392,0
84397,0
84402,1
84416,0
84423,0
84424,0
84425,0
84429,0
84430,1
84432,1
84434,0
84435,0
84438,0
84442,0
84452,0
84453,0
84463,0
84467,0
84468,0
84470,0
84477,0
84478,1
84484,0
84486,1
84487,0
84495,0
84496,0
84499,1
84509,0
84510,0
84521,0
84525,0
84528,0
84535,0
84537,0
84542,0
84544,0
84552,1
84554,0
84555,1
84556,0
84559,0
84562,0
84570,1
84571,0
84572,0
84581,0
84582,1
84583,0
84605,1
84608,0
84620,0
84621,0
84624,0
84628,0
84629,1
84632,0
84635,0
84638,0
84639,0
84644,0
84647,0
84650,0
84652,0
84654,0
84665,1
84667,1
84668,1
84670,0
84672,0
84674,0
84681,0
84682,0
84685,0
84688,1
84693,0
84710,0
84711,1
84713,0
84714,0
84717,0
84718,1
84730,0
84731,0
84734,0
84736,0
84739,0
84742,1
84743,0
84744,0
84749,1
84751,0
84755,0
84767,0
84772,0
84774,0
84778,1
84781,0
84782,1
84785,1
84792,0
84793,0
84803,0
84809,0
84810,0
84812,1
84813,1
84815,1
84825,0
84828,0
84830,0
84833,0
84834,0
84835,0
84839,0
84840,0
84843,0
84845,0
84846,1
84850,0
84851,0
84854,0
84857,1
84858,1
84859,0
84861,0
84862,0
84864,0
84876,0
84877,1
84880,0
84882,0
84883,1
84885,0
84898,0
84903,0
84911,0
84912,0
84913,0
84916,1
84918,0
84933,1
84937,0
84941,1
84945,0
84946,0
84947,0
84948,0
84951,1
84953,0
84955,0
84957,0
84958,0
84987,0
84991,0
84996,1
85006,0
85013,0
85019,0
85020,1
85022,0
85024,0
85025,1
85028,0
85030,0
85033,0
85034,0
85038,0
85039,0
85040,0
85042,1
85043,0
85044,0
85047,0
85048,1
85051,1
85052,0
85053,0
85055,0
85056,0
85070,1
85072,0
85074,0
85077,0
85081,0
85084,0
85096,1
85099,1
85104,1
85120,0
85124,0
85129,0
85133,0
85142,0
85143,0
85144,1
85145,0
85148,0
85149,1
85150,0
85156,0
85159,0
85168,0
85176,0
85177,0
85183,0
85193,1
85197,0
85211,0
85214,0
85215,0
85216,1
85219,1
85220,0
85224,0
85225,0
85227,0
85228,0
85229,1
85232,1
85236,0
85241,0
85242,0
85243,0
85248,0
85250,0
85254,0
85256,0
85266,0
85273,1
85274,1
85280,1
85283,0
85290,0
85291,0
85299,0
85300,0
85314,1
85316,0
85318,0
85320,0
85324,0
85332,0
85336,0
85341,0
85343,0
85344,0
85347,1
85351,0
85356,0
85358,0
85362,0
85375,0
85381,0
85383,1
85388,1
85389,0
85390,0
85391,0
85392,1
85397,0
85402,1
85403,0
85404,0
85405,0
85410,1
85412,0
85415,0
85417,0
85421,0
85434,1
85435,0
85439,1
85440,0
85444,0
85447,0
85450,0
85456,0
85462,0
85465,0
85467,1
85472,0
85473,1
85479,0
85481,0
85482,0
85484,0
85488,0
85497,0
85507,0
85510,0
85514,1
85517,0
85523,0
85525,0
85533,0
85541,0
85542,1
85544,0
85549,0
85551,0
85553,0
85556,0
85560,1
85561,1
85564,0
85565,0
85566,0
85571,1
85575,0
85586,0
85609,1
85616,1
85617,0
85618,0
85619,1
85622,0
85630,0
85635,0
85639,1
85643,0
85646,0
85648,0
85649,0
85650,0
85657,1
85658,0
85659,0
85664,1
85671,0
85672,0
85673,0
85680,1
85682,1
85705,0
85706,0
85707,1
85716,1
85717,0
85723,0
85726,0
85727,0
85728,0
85736,0
85738,1
85744,1
85747,0
85748,0
85751,0
85752,0
85757,1
85761,0
85762,0
85768,1
85770,0
85771,1
85775,0
85780,1
85783,0
85789,0
85792,0
85793,1
85800,0
85801,1
85806,1
85819,0
85820,0
85821,0
85823,0
85834,0
85839,0
85840,0
85843,0
85846,0
85848,1
85853,0
85856,1
85857,0
85868,0
85878,0
85879,0
85901,0
85902,0
85904,0
85905,1
85911,0
85919,0
85923,0
85929,0
85930,0
85933,1
85943,1
85946,0
85949,0
85950,0
85951,0
85953,1
85954,0
85960,0
85961,0
85963,0
85964,0
85969,1
85971,1
85972,0
85973,0
85975,0
85976,0
85977,1
85982,0
85983,1
85984,0
85986,0
85987,0
85988,0
85989,0
85996,1
85999,0
86002,0
86013,0
86018,1
86019,0
86021,0
86022,0
86032,0
86035,0
86036,0
86040,0
86041,0
86046,1
86054,0
86056,0
86064,0
86065,0
86067,0
86074,0
86075,0
86076,0
86079,0
86081,0
86093,0
86120,0
86121,1
86148,0
86151,0
86152,0
86163,1
86164,0
86166,0
86169,1
86170,0
86178,1
86183,0
86184,0
86195,0
86196,0
86203,0
86207,0
86213,1
86215,0
86217,0
86224,0
86236,1
86237,0
86238,0
86240,1
86243,0
86245,0
86246,1
86249,1
86253,1
86254,0
86257,0
86260,1
86262,1
86263,0
86266,0
86271,0
86277,1
86278,0
86281,0
86285,0
86289,0
86293,0
86297,0
86307,0
86309,0
86311,0
86319,0
86323,1
86325,1
86326,0
86327,0
86330,0
86335,0
86336,0
86340,0
86344,0
86349,0
86359,0
86370,1
86374,0
86376,0
86385,0
86397,0
86403,1
86408,0
86410,0
86413,0
86421,0
86426,0
86427,0
86428,0
86429,0
86441,0
86443,0
86444,0
86446,0
86448,0
86462,0
86464,0
86467,0
86468,0
86470,0
86471,1
86481,0
86484,0
86485,0
86490,0
86498,0
86499,1
86503,1
86504,1
86506,0
86509,0
86511,0
86519,0
86520,0
86523,0
86530,0
86535,0
86541,1
86545,0
86551,0
86552,0
86554,0
86555,0
86557,1
86559,1
86561,0
86566,0
86567,0
86570,1
86571,0
86576,0
86578,0
86587,0
86588,1
86590,0
86591,0
86593,1
86596,0
86599,1
86604,1
86605,0
86615,1
86617,0
86622,1
86623,0
86626,0
86627,0
86630,1
86631,1
86632,0
86636,0
86637,0
86640,0
86641,1
86642,0
86647,1
86651,1
86652,0
86660,0
86663,0
86665,0
86667,1
86668,1
86671,0
86672,0
86689,1
86690,1
86696,1
86698,1
86699,0
86702,0
86705,1
86710,0
86713,0
86721,1
86722,0
86723,0
86726,0
86727,0
86729,0
86733,0
86738,0
86743,0
86746,1
86747,0
86751,0
86758,0
86759,0
86763,0
86766,0
86770,0
86772,0
86778,0
86785,1
86787,0
86788,1
86789,0
86796,1
86799,0
86800,0
86805,0
86826,0
86828,0
86832,1
86834,1
86838,0
86845,0
86850,0
86857,1
86861,0
86862,0
86864,1
86873,0
86875,0
86876,1
86879,0
86880,1
86882,0
86884,0
86890,1
86896,0
86897,0
86901,1
86902,0
86903,0
86904,0
86907,1
86910,1
86911,0
86922,0
86929,0
86932,0
86938,1
86939,0
86940,0
86941,0
86946,0
86954,0
86955,0
86959,0
86966,1
86971,0
86973,0
86993,0
86996,0
87000,0
87006,0
87007,0
87009,0
87010,1
87017,0
87020,0
87031,1
87033,1
87041,0
87042,0
87045,0
87047,1
